item_id,pedido_id,produto_id,quantidade,preco_unitario,custo_unitario,desconto_pct
1,1,4,1,5.5,3.7,0.15
2,1,10,5,19.9,11.3,0
3,1,3,5,9.9,6.1,0.05
4,2,9,5,15.9,8.7,0
5,2,1,5,18.9,10.2,0.05
6,3,3,4,9.9,6.1,0
7,4,2,1,27.5,18.3,0
8,4,10,3,19.9,11.3,0.1
9,4,7,3,3.9,2.0,0
10,5,2,5,27.5,18.3,0
11,5,9,5,15.9,8.7,0
12,5,5,1,8.5,5.2,0
13,5,7,2,3.9,2.0,0
14,6,5,3,8.5,5.2,0
15,6,8,2,16.9,9.8,0.15
16,6,6,3,11.9,7.0,0.15
17,6,2,1,27.5,18.3,0.1
18,7,3,4,9.9,6.1,0
19,7,8,5,16.9,9.8,0
20,8,4,1,5.5,3.7,0
21,9,4,4,5.5,3.7,0
22,9,8,3,16.9,9.8,0
23,9,7,2,3.9,2.0,0.15
24,10,10,2,19.9,11.3,0.1
25,10,7,4,3.9,2.0,0
26,10,6,1,11.9,7.0,0
27,10,2,2,27.5,18.3,0.15
28,11,7,4,3.9,2.0,0.1
29,12,2,5,27.5,18.3,0
30,13,3,3,9.9,6.1,0.1
31,13,8,2,16.9,9.8,0.1
32,13,1,1,18.9,10.2,0.15
33,13,6,3,11.9,7.0,0.15
34,14,3,5,9.9,6.1,0
35,14,9,4,15.9,8.7,0
36,14,1,1,18.9,10.2,0
37,15,2,4,27.5,18.3,0
38,16,9,5,15.9,8.7,0.05
39,16,3,2,9.9,6.1,0.1
40,16,5,2,8.5,5.2,0.15
41,16,8,3,16.9,9.8,0.05
42,17,2,3,27.5,18.3,0
43,17,4,5,5.5,3.7,0.1
44,17,9,2,15.9,8.7,0.1
45,17,1,2,18.9,10.2,0
46,18,2,3,27.5,18.3,0
47,18,1,5,18.9,10.2,0
48,19,10,2,19.9,11.3,0.05
49,19,8,4,16.9,9.8,0
50,20,7,1,3.9,2.0,0.15
51,20,10,1,19.9,11.3,0
52,20,8,4,16.9,9.8,0.15
53,21,9,2,15.9,8.7,0.05
54,21,8,2,16.9,9.8,0
55,22,8,5,16.9,9.8,0
56,23,2,2,27.5,18.3,0
57,24,1,4,18.9,10.2,0
58,24,3,4,9.9,6.1,0
59,24,7,4,3.9,2.0,0.15
60,24,10,5,19.9,11.3,0.15
61,25,1,1,18.9,10.2,0.15
62,25,9,3,15.9,8.7,0
63,26,1,1,18.9,10.2,0
64,26,9,1,15.9,8.7,0.1
65,27,2,1,27.5,18.3,0.05
66,27,4,5,5.5,3.7,0.1
67,27,1,5,18.9,10.2,0
68,27,5,3,8.5,5.2,0
69,28,7,4,3.9,2.0,0
70,28,3,1,9.9,6.1,0
71,28,5,4,8.5,5.2,0.1
72,29,9,2,15.9,8.7,0
73,29,5,1,8.5,5.2,0
74,30,10,5,19.9,11.3,0
75,30,9,1,15.9,8.7,0
76,30,1,3,18.9,10.2,0
77,31,5,2,8.5,5.2,0.15
78,31,4,3,5.5,3.7,0.1
79,31,6,4,11.9,7.0,0
80,32,1,2,18.9,10.2,0.15
81,32,10,3,19.9,11.3,0
82,32,6,4,11.9,7.0,0.1
83,33,2,2,27.5,18.3,0.1
84,34,7,1,3.9,2.0,0
85,34,3,3,9.9,6.1,0
86,35,6,5,11.9,7.0,0.05
87,36,3,4,9.9,6.1,0
88,36,10,2,19.9,11.3,0.15
89,37,5,1,8.5,5.2,0.05
90,37,3,1,9.9,6.1,0.05
91,38,6,1,11.9,7.0,0.15
92,38,5,2,8.5,5.2,0.05
93,38,4,3,5.5,3.7,0
94,38,2,1,27.5,18.3,0
95,39,1,2,18.9,10.2,0.1
96,39,2,3,27.5,18.3,0
97,39,5,1,8.5,5.2,0.1
98,40,7,4,3.9,2.0,0.1
99,40,9,2,15.9,8.7,0
100,40,2,1,27.5,18.3,0.15
101,41,6,1,11.9,7.0,0.15
102,41,7,3,3.9,2.0,0.1
103,42,9,3,15.9,8.7,0.05
104,42,5,3,8.5,5.2,0.1
105,42,7,2,3.9,2.0,0
106,43,10,4,19.9,11.3,0.1
107,43,5,1,8.5,5.2,0
108,44,8,2,16.9,9.8,0.1
109,44,10,4,19.9,11.3,0.15
110,44,9,2,15.9,8.7,0.15
111,45,2,2,27.5,18.3,0
112,45,4,2,5.5,3.7,0
113,45,5,1,8.5,5.2,0
114,46,8,4,16.9,9.8,0.15
115,47,8,1,16.9,9.8,0
116,47,7,4,3.9,2.0,0
117,47,4,2,5.5,3.7,0.15
118,47,2,5,27.5,18.3,0.05
119,48,8,2,16.9,9.8,0.05
120,49,8,5,16.9,9.8,0.05
121,49,9,2,15.9,8.7,0.15
122,49,7,4,3.9,2.0,0.05
123,50,9,3,15.9,8.7,0.05
124,50,8,1,16.9,9.8,0.15
125,50,4,3,5.5,3.7,0
126,51,3,2,9.9,6.1,0
127,52,2,4,27.5,18.3,0
128,52,7,5,3.9,2.0,0.05
129,53,7,1,3.9,2.0,0
130,53,1,3,18.9,10.2,0.05
131,53,10,4,19.9,11.3,0.1
132,53,4,5,5.5,3.7,0.1
133,54,8,4,16.9,9.8,0.15
134,54,1,2,18.9,10.2,0.05
135,54,7,2,3.9,2.0,0.1
136,54,3,5,9.9,6.1,0
137,55,2,4,27.5,18.3,0
138,56,6,3,11.9,7.0,0.05
139,56,4,3,5.5,3.7,0.05
140,56,8,3,16.9,9.8,0
141,56,3,4,9.9,6.1,0
142,57,4,1,5.5,3.7,0
143,57,2,2,27.5,18.3,0
144,57,1,5,18.9,10.2,0
145,58,10,2,19.9,11.3,0.05
146,59,10,2,19.9,11.3,0
147,59,2,1,27.5,18.3,0.1
148,60,7,2,3.9,2.0,0
149,60,4,3,5.5,3.7,0.15
150,60,2,5,27.5,18.3,0
151,60,5,5,8.5,5.2,0
152,61,2,1,27.5,18.3,0.05
153,61,9,4,15.9,8.7,0
154,61,6,4,11.9,7.0,0
155,62,3,5,9.9,6.1,0.05
156,62,9,4,15.9,8.7,0.05
157,62,5,5,8.5,5.2,0
158,62,8,3,16.9,9.8,0
159,63,8,3,16.9,9.8,0
160,63,7,4,3.9,2.0,0
161,64,6,5,11.9,7.0,0
162,64,5,5,8.5,5.2,0
163,64,9,1,15.9,8.7,0
164,65,8,4,16.9,9.8,0
165,65,10,1,19.9,11.3,0
166,66,10,5,19.9,11.3,0.1
167,66,6,3,11.9,7.0,0.05
168,66,8,5,16.9,9.8,0
169,67,5,2,8.5,5.2,0
170,67,4,1,5.5,3.7,0.15
171,67,2,5,27.5,18.3,0.15
172,68,5,2,8.5,5.2,0
173,68,9,2,15.9,8.7,0
174,68,10,2,19.9,11.3,0
175,68,1,1,18.9,10.2,0.15
176,69,9,3,15.9,8.7,0.15
177,70,2,4,27.5,18.3,0.05
178,70,1,3,18.9,10.2,0
179,70,5,1,8.5,5.2,0
180,70,4,4,5.5,3.7,0
181,71,3,2,9.9,6.1,0.1
182,72,9,4,15.9,8.7,0.1
183,73,8,5,16.9,9.8,0.05
184,73,10,3,19.9,11.3,0.1
185,73,5,5,8.5,5.2,0
186,73,7,5,3.9,2.0,0.15
187,74,2,2,27.5,18.3,0.1
188,74,3,1,9.9,6.1,0
189,74,4,1,5.5,3.7,0.05
190,75,1,3,18.9,10.2,0.15
191,75,4,4,5.5,3.7,0
192,75,5,2,8.5,5.2,0
193,76,7,5,3.9,2.0,0
194,76,2,2,27.5,18.3,0
195,77,10,1,19.9,11.3,0.05
196,77,5,3,8.5,5.2,0.15
197,77,8,4,16.9,9.8,0
198,78,10,1,19.9,11.3,0.05
199,79,4,5,5.5,3.7,0.1
200,80,3,4,9.9,6.1,0.1
201,81,10,4,19.9,11.3,0
202,81,7,4,3.9,2.0,0
203,82,3,3,9.9,6.1,0.05
204,83,9,3,15.9,8.7,0
205,83,1,3,18.9,10.2,0
206,83,8,4,16.9,9.8,0.1
207,83,10,1,19.9,11.3,0.15
208,84,9,5,15.9,8.7,0.05
209,84,6,4,11.9,7.0,0
210,85,8,1,16.9,9.8,0.15
211,85,10,5,19.9,11.3,0
212,85,2,2,27.5,18.3,0
213,86,4,1,5.5,3.7,0.05
214,87,5,4,8.5,5.2,0.05
215,87,9,2,15.9,8.7,0.05
216,87,10,5,19.9,11.3,0
217,87,4,4,5.5,3.7,0
218,88,2,4,27.5,18.3,0
219,88,5,5,8.5,5.2,0
220,89,3,3,9.9,6.1,0.1
221,89,8,5,16.9,9.8,0.05
222,89,9,4,15.9,8.7,0
223,89,10,2,19.9,11.3,0.15
224,90,1,4,18.9,10.2,0.05
225,90,6,2,11.9,7.0,0.05
226,90,8,1,16.9,9.8,0
227,90,9,5,15.9,8.7,0.1
228,91,2,2,27.5,18.3,0.05
229,91,9,2,15.9,8.7,0
230,91,8,4,16.9,9.8,0
231,91,1,3,18.9,10.2,0.1
232,92,9,4,15.9,8.7,0.1
233,92,7,1,3.9,2.0,0.1
234,92,6,1,11.9,7.0,0
235,93,2,1,27.5,18.3,0.15
236,93,7,1,3.9,2.0,0.05
237,94,1,3,18.9,10.2,0
238,95,4,4,5.5,3.7,0.1
239,95,9,2,15.9,8.7,0
240,96,10,2,19.9,11.3,0
241,96,4,4,5.5,3.7,0.15
242,96,8,3,16.9,9.8,0.05
243,96,5,3,8.5,5.2,0.15
244,97,2,3,27.5,18.3,0.1
245,97,8,3,16.9,9.8,0.15
246,98,4,1,5.5,3.7,0
247,98,7,4,3.9,2.0,0.1
248,98,8,3,16.9,9.8,0.1
249,99,5,4,8.5,5.2,0
250,99,1,2,18.9,10.2,0.1
251,99,9,3,15.9,8.7,0
252,99,10,2,19.9,11.3,0.1
253,100,2,3,27.5,18.3,0.05
254,100,1,1,18.9,10.2,0.1
255,101,6,2,11.9,7.0,0
256,101,7,5,3.9,2.0,0
257,101,3,5,9.9,6.1,0.1
258,102,5,1,8.5,5.2,0
259,102,6,2,11.9,7.0,0.15
260,102,2,4,27.5,18.3,0.1
261,102,4,3,5.5,3.7,0
262,103,8,3,16.9,9.8,0.15
263,104,2,1,27.5,18.3,0.1
264,104,4,5,5.5,3.7,0
265,104,8,5,16.9,9.8,0
266,105,5,1,8.5,5.2,0
267,105,7,3,3.9,2.0,0.05
268,105,2,1,27.5,18.3,0
269,105,8,2,16.9,9.8,0.1
270,106,10,1,19.9,11.3,0.05
271,106,3,5,9.9,6.1,0.05
272,106,7,3,3.9,2.0,0
273,106,6,3,11.9,7.0,0
274,107,2,1,27.5,18.3,0.05
275,107,6,3,11.9,7.0,0
276,107,9,1,15.9,8.7,0.05
277,108,1,3,18.9,10.2,0
278,109,10,2,19.9,11.3,0
279,109,4,2,5.5,3.7,0.1
280,110,3,3,9.9,6.1,0
281,110,9,1,15.9,8.7,0.15
282,111,10,1,19.9,11.3,0
283,111,6,3,11.9,7.0,0
284,112,2,4,27.5,18.3,0.05
285,113,9,5,15.9,8.7,0
286,113,4,4,5.5,3.7,0.15
287,113,1,1,18.9,10.2,0
288,113,6,4,11.9,7.0,0.05
289,114,2,2,27.5,18.3,0
290,114,10,2,19.9,11.3,0
291,114,6,5,11.9,7.0,0.15
292,114,5,5,8.5,5.2,0.1
293,115,8,1,16.9,9.8,0.15
294,115,9,1,15.9,8.7,0.15
295,115,7,5,3.9,2.0,0.15
296,116,7,4,3.9,2.0,0.05
297,116,6,4,11.9,7.0,0.15
298,117,6,1,11.9,7.0,0
299,117,3,1,9.9,6.1,0
300,117,8,4,16.9,9.8,0
301,118,2,4,27.5,18.3,0.15
302,118,7,1,3.9,2.0,0
303,118,6,5,11.9,7.0,0
304,119,3,2,9.9,6.1,0
305,119,8,3,16.9,9.8,0.1
306,120,7,5,3.9,2.0,0.1
307,120,9,5,15.9,8.7,0
308,121,1,3,18.9,10.2,0
309,121,3,3,9.9,6.1,0
310,121,5,2,8.5,5.2,0
311,122,1,5,18.9,10.2,0
312,122,2,4,27.5,18.3,0.05
313,123,6,2,11.9,7.0,0
314,123,2,5,27.5,18.3,0
315,123,1,1,18.9,10.2,0
316,124,7,5,3.9,2.0,0
317,124,5,3,8.5,5.2,0.05
318,124,4,1,5.5,3.7,0
319,124,10,5,19.9,11.3,0.05
320,125,7,1,3.9,2.0,0
321,125,1,3,18.9,10.2,0
322,126,1,4,18.9,10.2,0.15
323,127,9,3,15.9,8.7,0
324,127,10,4,19.9,11.3,0.15
325,128,6,5,11.9,7.0,0.05
326,129,5,3,8.5,5.2,0
327,129,2,5,27.5,18.3,0.05
328,129,7,3,3.9,2.0,0
329,129,1,4,18.9,10.2,0
330,130,7,3,3.9,2.0,0.15
331,131,2,1,27.5,18.3,0.1
332,131,9,5,15.9,8.7,0
333,132,4,2,5.5,3.7,0
334,132,2,2,27.5,18.3,0
335,133,3,4,9.9,6.1,0.05
336,134,6,1,11.9,7.0,0.05
337,134,3,4,9.9,6.1,0.15
338,134,8,3,16.9,9.8,0
339,135,5,4,8.5,5.2,0.05
340,136,2,4,27.5,18.3,0.1
341,136,10,5,19.9,11.3,0.15
342,136,7,1,3.9,2.0,0.05
343,137,9,1,15.9,8.7,0
344,137,3,1,9.9,6.1,0.1
345,137,1,2,18.9,10.2,0
346,137,4,2,5.5,3.7,0.15
347,138,6,3,11.9,7.0,0.05
348,138,10,4,19.9,11.3,0
349,139,2,5,27.5,18.3,0.15
350,139,6,4,11.9,7.0,0
351,139,10,3,19.9,11.3,0.15
352,140,2,3,27.5,18.3,0.15
353,140,3,4,9.9,6.1,0
354,140,6,5,11.9,7.0,0.15
355,141,3,4,9.9,6.1,0.1
356,141,9,3,15.9,8.7,0
357,141,2,3,27.5,18.3,0
358,142,4,1,5.5,3.7,0
359,142,10,1,19.9,11.3,0.1
360,142,3,5,9.9,6.1,0.15
361,142,2,5,27.5,18.3,0
362,143,10,2,19.9,11.3,0
363,143,7,2,3.9,2.0,0.15
364,144,7,3,3.9,2.0,0.15
365,145,4,4,5.5,3.7,0
366,145,9,3,15.9,8.7,0.15
367,145,10,5,19.9,11.3,0.05
368,145,3,4,9.9,6.1,0
369,146,4,3,5.5,3.7,0
370,146,3,4,9.9,6.1,0
371,147,5,1,8.5,5.2,0
372,148,7,2,3.9,2.0,0.05
373,148,2,3,27.5,18.3,0
374,149,4,3,5.5,3.7,0
375,149,7,1,3.9,2.0,0
376,149,2,1,27.5,18.3,0.15
377,150,1,4,18.9,10.2,0.15
378,150,5,2,8.5,5.2,0.15
379,151,1,3,18.9,10.2,0
380,152,2,1,27.5,18.3,0
381,152,5,2,8.5,5.2,0.05
382,152,4,5,5.5,3.7,0.05
383,152,3,1,9.9,6.1,0
384,153,3,4,9.9,6.1,0
385,153,5,5,8.5,5.2,0
386,154,9,3,15.9,8.7,0
387,155,7,4,3.9,2.0,0
388,156,1,3,18.9,10.2,0
389,156,6,1,11.9,7.0,0.1
390,156,2,3,27.5,18.3,0
391,157,8,2,16.9,9.8,0
392,157,10,1,19.9,11.3,0.15
393,158,4,1,5.5,3.7,0
394,159,5,3,8.5,5.2,0
395,159,1,3,18.9,10.2,0
396,159,4,1,5.5,3.7,0
397,159,3,4,9.9,6.1,0.05
398,160,8,3,16.9,9.8,0.1
399,160,10,3,19.9,11.3,0
400,161,9,3,15.9,8.7,0
401,161,5,1,8.5,5.2,0
402,162,3,1,9.9,6.1,0.15
403,162,8,3,16.9,9.8,0.1
404,162,6,4,11.9,7.0,0
405,162,4,1,5.5,3.7,0
406,163,1,5,18.9,10.2,0.15
407,163,3,4,9.9,6.1,0
408,164,6,5,11.9,7.0,0
409,164,7,4,3.9,2.0,0
410,164,1,3,18.9,10.2,0.05
411,165,7,2,3.9,2.0,0
412,165,6,1,11.9,7.0,0.15
413,165,5,2,8.5,5.2,0.05
414,166,5,3,8.5,5.2,0.15
415,167,8,2,16.9,9.8,0
416,167,4,4,5.5,3.7,0
417,167,2,4,27.5,18.3,0
418,168,9,5,15.9,8.7,0
419,169,6,2,11.9,7.0,0
420,169,9,2,15.9,8.7,0
421,170,8,5,16.9,9.8,0
422,170,9,1,15.9,8.7,0
423,170,3,4,9.9,6.1,0.15
424,171,10,1,19.9,11.3,0.05
425,171,2,4,27.5,18.3,0.15
426,171,3,5,9.9,6.1,0
427,171,8,2,16.9,9.8,0.1
428,172,7,1,3.9,2.0,0
429,172,9,5,15.9,8.7,0
430,173,6,3,11.9,7.0,0
431,173,9,3,15.9,8.7,0
432,174,10,5,19.9,11.3,0.15
433,174,9,2,15.9,8.7,0.1
434,174,2,5,27.5,18.3,0
435,175,10,1,19.9,11.3,0
436,175,1,5,18.9,10.2,0
437,175,9,2,15.9,8.7,0.1
438,176,9,2,15.9,8.7,0.15
439,176,5,4,8.5,5.2,0
440,176,10,4,19.9,11.3,0
441,176,4,1,5.5,3.7,0
442,177,6,3,11.9,7.0,0.15
443,177,3,3,9.9,6.1,0.15
444,178,9,3,15.9,8.7,0
445,178,10,4,19.9,11.3,0
446,178,2,3,27.5,18.3,0.05
447,179,7,2,3.9,2.0,0
448,179,10,5,19.9,11.3,0.15
449,179,4,3,5.5,3.7,0
450,180,8,1,16.9,9.8,0.05
451,180,5,5,8.5,5.2,0.05
452,180,10,2,19.9,11.3,0
453,180,1,5,18.9,10.2,0
454,181,5,1,8.5,5.2,0.05
455,181,9,2,15.9,8.7,0
456,181,1,3,18.9,10.2,0.05
457,181,7,3,3.9,2.0,0
458,182,6,3,11.9,7.0,0
459,182,9,4,15.9,8.7,0.1
460,183,3,1,9.9,6.1,0.05
461,184,3,5,9.9,6.1,0
462,184,4,1,5.5,3.7,0
463,184,7,2,3.9,2.0,0.15
464,185,10,2,19.9,11.3,0
465,185,9,5,15.9,8.7,0
466,186,10,5,19.9,11.3,0
467,186,6,4,11.9,7.0,0
468,186,8,3,16.9,9.8,0
469,187,1,5,18.9,10.2,0.1
470,187,8,2,16.9,9.8,0.15
471,187,5,1,8.5,5.2,0.1
472,188,3,1,9.9,6.1,0
473,188,4,1,5.5,3.7,0.05
474,188,1,3,18.9,10.2,0.05
475,188,5,2,8.5,5.2,0.05
476,189,1,3,18.9,10.2,0.15
477,189,3,4,9.9,6.1,0.1
478,189,4,4,5.5,3.7,0
479,189,5,2,8.5,5.2,0.05
480,190,10,2,19.9,11.3,0
481,190,8,5,16.9,9.8,0
482,190,4,2,5.5,3.7,0
483,191,6,3,11.9,7.0,0
484,191,8,1,16.9,9.8,0.1
485,191,10,5,19.9,11.3,0.05
486,191,5,4,8.5,5.2,0
487,192,6,4,11.9,7.0,0.15
488,193,9,5,15.9,8.7,0.15
489,193,5,3,8.5,5.2,0
490,194,4,5,5.5,3.7,0
491,194,1,2,18.9,10.2,0
492,195,2,2,27.5,18.3,0.05
493,195,3,4,9.9,6.1,0.05
494,195,1,2,18.9,10.2,0
495,195,5,3,8.5,5.2,0
496,196,10,2,19.9,11.3,0.1
497,197,1,4,18.9,10.2,0
498,197,7,3,3.9,2.0,0
499,198,6,3,11.9,7.0,0.05
500,199,9,3,15.9,8.7,0
501,199,8,1,16.9,9.8,0
502,200,3,3,9.9,6.1,0.1
503,200,1,2,18.9,10.2,0
504,200,6,5,11.9,7.0,0.15
505,201,7,1,3.9,2.0,0
506,202,1,4,18.9,10.2,0
507,202,5,4,8.5,5.2,0
508,203,5,3,8.5,5.2,0.15
509,204,5,5,8.5,5.2,0.15
510,204,3,3,9.9,6.1,0.15
511,204,7,1,3.9,2.0,0.15
512,204,6,3,11.9,7.0,0
513,205,8,4,16.9,9.8,0.15
514,205,3,5,9.9,6.1,0
515,206,9,5,15.9,8.7,0
516,206,4,5,5.5,3.7,0.05
517,206,10,5,19.9,11.3,0.15
518,206,6,3,11.9,7.0,0
519,207,10,2,19.9,11.3,0
520,207,9,3,15.9,8.7,0.1
521,208,2,1,27.5,18.3,0.05
522,208,9,2,15.9,8.7,0.1
523,208,8,4,16.9,9.8,0.05
524,208,7,5,3.9,2.0,0
525,209,1,1,18.9,10.2,0.15
526,209,7,2,3.9,2.0,0.1
527,209,5,1,8.5,5.2,0
528,210,2,4,27.5,18.3,0
529,211,7,4,3.9,2.0,0.05
530,211,6,4,11.9,7.0,0.05
531,212,6,2,11.9,7.0,0.1
532,212,2,4,27.5,18.3,0.1
533,213,1,3,18.9,10.2,0.05
534,214,4,2,5.5,3.7,0
535,214,10,2,19.9,11.3,0.15
536,214,8,1,16.9,9.8,0
537,214,3,4,9.9,6.1,0.1
538,215,10,1,19.9,11.3,0.05
539,216,4,1,5.5,3.7,0.05
540,217,3,5,9.9,6.1,0
541,218,4,5,5.5,3.7,0
542,218,5,4,8.5,5.2,0
543,218,3,3,9.9,6.1,0
544,219,7,4,3.9,2.0,0
545,219,9,3,15.9,8.7,0.15
546,220,7,3,3.9,2.0,0.05
547,220,10,2,19.9,11.3,0.1
548,220,3,4,9.9,6.1,0
549,221,8,5,16.9,9.8,0.05
550,221,1,4,18.9,10.2,0.1
551,222,4,4,5.5,3.7,0
552,222,6,1,11.9,7.0,0.1
553,222,2,2,27.5,18.3,0
554,223,2,2,27.5,18.3,0.1
555,224,6,1,11.9,7.0,0
556,224,5,2,8.5,5.2,0.15
557,225,4,5,5.5,3.7,0
558,225,10,3,19.9,11.3,0.05
559,225,7,4,3.9,2.0,0.1
560,225,2,3,27.5,18.3,0
561,226,8,3,16.9,9.8,0
562,226,2,3,27.5,18.3,0
563,226,10,4,19.9,11.3,0
564,226,7,5,3.9,2.0,0
565,227,5,2,8.5,5.2,0.05
566,227,3,5,9.9,6.1,0
567,227,4,4,5.5,3.7,0.1
568,227,9,3,15.9,8.7,0
569,228,8,2,16.9,9.8,0.15
570,228,3,5,9.9,6.1,0.05
571,228,6,2,11.9,7.0,0.1
572,228,2,1,27.5,18.3,0.1
573,229,1,4,18.9,10.2,0
574,230,1,5,18.9,10.2,0.05
575,230,4,3,5.5,3.7,0
576,231,8,5,16.9,9.8,0.05
577,231,1,1,18.9,10.2,0
578,231,9,5,15.9,8.7,0.15
579,231,5,3,8.5,5.2,0.1
580,232,3,2,9.9,6.1,0
581,232,2,2,27.5,18.3,0.1
582,232,9,5,15.9,8.7,0
583,232,5,3,8.5,5.2,0
584,233,8,1,16.9,9.8,0.15
585,233,4,1,5.5,3.7,0
586,233,9,4,15.9,8.7,0.05
587,233,3,4,9.9,6.1,0.1
588,234,2,4,27.5,18.3,0.15
589,234,8,3,16.9,9.8,0.1
590,235,4,3,5.5,3.7,0
591,235,8,1,16.9,9.8,0.15
592,236,3,3,9.9,6.1,0
593,237,2,2,27.5,18.3,0.1
594,237,5,4,8.5,5.2,0.15
595,237,3,5,9.9,6.1,0
596,237,9,4,15.9,8.7,0.15
597,238,1,2,18.9,10.2,0
598,238,2,3,27.5,18.3,0.1
599,238,7,5,3.9,2.0,0.1
600,239,8,3,16.9,9.8,0.1
601,239,10,4,19.9,11.3,0.05
602,239,4,2,5.5,3.7,0.15
603,240,4,3,5.5,3.7,0
604,240,2,4,27.5,18.3,0.15
605,240,9,2,15.9,8.7,0.15
606,241,1,3,18.9,10.2,0.05
607,242,3,4,9.9,6.1,0.05
608,243,1,1,18.9,10.2,0
609,244,7,4,3.9,2.0,0.05
610,244,1,1,18.9,10.2,0.15
611,244,5,5,8.5,5.2,0
612,245,3,3,9.9,6.1,0.05
613,245,10,2,19.9,11.3,0
614,245,5,2,8.5,5.2,0.05
615,245,9,3,15.9,8.7,0.05
616,246,5,5,8.5,5.2,0.1
617,246,4,2,5.5,3.7,0.05
618,246,8,1,16.9,9.8,0
619,247,10,4,19.9,11.3,0
620,247,7,4,3.9,2.0,0.15
621,247,6,5,11.9,7.0,0
622,248,8,2,16.9,9.8,0.05
623,248,6,3,11.9,7.0,0
624,249,6,3,11.9,7.0,0.05
625,249,7,3,3.9,2.0,0
626,250,9,4,15.9,8.7,0.15
627,250,1,2,18.9,10.2,0.05
628,251,8,3,16.9,9.8,0.15
629,251,3,2,9.9,6.1,0.15
630,251,5,4,8.5,5.2,0.05
631,251,2,1,27.5,18.3,0.05
632,252,9,5,15.9,8.7,0.1
633,252,1,1,18.9,10.2,0
634,252,6,2,11.9,7.0,0.15
635,252,8,3,16.9,9.8,0
636,253,6,1,11.9,7.0,0
637,253,7,2,3.9,2.0,0.1
638,253,2,5,27.5,18.3,0.1
639,253,1,5,18.9,10.2,0.15
640,254,8,1,16.9,9.8,0.05
641,254,9,1,15.9,8.7,0
642,254,3,4,9.9,6.1,0
643,254,10,1,19.9,11.3,0.15
644,255,4,4,5.5,3.7,0
645,255,9,4,15.9,8.7,0.15
646,255,8,4,16.9,9.8,0
647,255,3,1,9.9,6.1,0
648,256,2,5,27.5,18.3,0
649,256,3,5,9.9,6.1,0
650,256,4,3,5.5,3.7,0.1
651,257,3,1,9.9,6.1,0.15
652,257,10,5,19.9,11.3,0
653,257,7,4,3.9,2.0,0.1
654,257,4,4,5.5,3.7,0.05
655,258,2,3,27.5,18.3,0
656,258,10,2,19.9,11.3,0.05
657,258,3,1,9.9,6.1,0
658,259,10,5,19.9,11.3,0
659,259,7,3,3.9,2.0,0
660,259,9,4,15.9,8.7,0.1
661,260,10,3,19.9,11.3,0
662,260,2,2,27.5,18.3,0
663,260,3,1,9.9,6.1,0
664,261,7,2,3.9,2.0,0.05
665,261,3,5,9.9,6.1,0.15
666,261,10,2,19.9,11.3,0.1
667,261,4,2,5.5,3.7,0.05
668,262,10,4,19.9,11.3,0
669,262,1,2,18.9,10.2,0.05
670,262,6,5,11.9,7.0,0.1
671,262,9,4,15.9,8.7,0.05
672,263,8,1,16.9,9.8,0
673,263,3,3,9.9,6.1,0
674,263,2,3,27.5,18.3,0
675,263,5,5,8.5,5.2,0
676,264,9,1,15.9,8.7,0
677,264,10,5,19.9,11.3,0
678,264,2,5,27.5,18.3,0
679,264,5,4,8.5,5.2,0.1
680,265,5,4,8.5,5.2,0
681,265,1,3,18.9,10.2,0
682,266,4,5,5.5,3.7,0.15
683,266,6,4,11.9,7.0,0
684,267,1,5,18.9,10.2,0
685,267,6,5,11.9,7.0,0.1
686,268,5,2,8.5,5.2,0.05
687,268,10,1,19.9,11.3,0
688,268,2,2,27.5,18.3,0.15
689,269,4,2,5.5,3.7,0.1
690,269,7,3,3.9,2.0,0.15
691,269,8,4,16.9,9.8,0.05
692,270,7,5,3.9,2.0,0.15
693,271,8,5,16.9,9.8,0
694,271,10,1,19.9,11.3,0.15
695,271,6,4,11.9,7.0,0.15
696,272,9,4,15.9,8.7,0
697,273,5,5,8.5,5.2,0.05
698,273,6,3,11.9,7.0,0.15
699,273,3,1,9.9,6.1,0
700,274,1,4,18.9,10.2,0
701,274,2,4,27.5,18.3,0
702,274,3,2,9.9,6.1,0.15
703,274,4,3,5.5,3.7,0
704,275,2,1,27.5,18.3,0.05
705,275,6,3,11.9,7.0,0.15
706,275,3,2,9.9,6.1,0.05
707,276,4,4,5.5,3.7,0
708,277,1,1,18.9,10.2,0.05
709,277,10,2,19.9,11.3,0.05
710,277,6,1,11.9,7.0,0
711,277,7,4,3.9,2.0,0
712,278,3,2,9.9,6.1,0
713,278,7,5,3.9,2.0,0.1
714,278,10,1,19.9,11.3,0.1
715,279,3,5,9.9,6.1,0.15
716,279,7,4,3.9,2.0,0
717,280,10,4,19.9,11.3,0
718,281,5,2,8.5,5.2,0.1
719,281,2,5,27.5,18.3,0.1
720,282,5,2,8.5,5.2,0.1
721,283,5,4,8.5,5.2,0
722,283,1,2,18.9,10.2,0.05
723,283,4,5,5.5,3.7,0
724,283,8,5,16.9,9.8,0
725,284,6,4,11.9,7.0,0
726,284,9,1,15.9,8.7,0.1
727,284,3,1,9.9,6.1,0
728,284,7,3,3.9,2.0,0
729,285,9,4,15.9,8.7,0
730,285,5,5,8.5,5.2,0.1
731,285,7,5,3.9,2.0,0
732,285,4,3,5.5,3.7,0
733,286,3,3,9.9,6.1,0.05
734,286,9,5,15.9,8.7,0.15
735,287,7,2,3.9,2.0,0
736,287,4,4,5.5,3.7,0
737,287,1,4,18.9,10.2,0.1
738,288,2,2,27.5,18.3,0.15
739,288,1,1,18.9,10.2,0
740,289,3,3,9.9,6.1,0.15
741,289,6,1,11.9,7.0,0
742,289,10,3,19.9,11.3,0.05
743,290,8,4,16.9,9.8,0.1
744,291,6,3,11.9,7.0,0
745,291,3,5,9.9,6.1,0.15
746,292,1,1,18.9,10.2,0
747,293,3,5,9.9,6.1,0.15
748,293,1,4,18.9,10.2,0
749,294,5,1,8.5,5.2,0.1
750,294,2,1,27.5,18.3,0
751,294,6,2,11.9,7.0,0.1
752,295,5,5,8.5,5.2,0.05
753,295,10,1,19.9,11.3,0
754,295,6,2,11.9,7.0,0
755,295,1,5,18.9,10.2,0
756,296,4,1,5.5,3.7,0.05
757,296,9,1,15.9,8.7,0
758,296,10,5,19.9,11.3,0
759,296,2,1,27.5,18.3,0
760,297,2,4,27.5,18.3,0.05
761,297,4,1,5.5,3.7,0
762,297,9,3,15.9,8.7,0
763,298,6,1,11.9,7.0,0.1
764,298,8,2,16.9,9.8,0.15
765,298,2,4,27.5,18.3,0
766,298,5,5,8.5,5.2,0.1
767,299,4,3,5.5,3.7,0
768,299,5,4,8.5,5.2,0.15
769,300,2,2,27.5,18.3,0.1
770,300,4,1,5.5,3.7,0
771,301,7,2,3.9,2.0,0.05
772,301,2,3,27.5,18.3,0.05
773,301,6,3,11.9,7.0,0
774,302,10,3,19.9,11.3,0
775,302,1,1,18.9,10.2,0.15
776,302,4,2,5.5,3.7,0
777,303,5,4,8.5,5.2,0.05
778,303,3,5,9.9,6.1,0.15
779,303,1,5,18.9,10.2,0
780,304,2,1,27.5,18.3,0
781,304,1,2,18.9,10.2,0
782,305,10,5,19.9,11.3,0
783,306,8,1,16.9,9.8,0
784,306,3,1,9.9,6.1,0
785,307,7,4,3.9,2.0,0
786,307,8,3,16.9,9.8,0
787,307,1,2,18.9,10.2,0
788,307,4,3,5.5,3.7,0.05
789,308,5,4,8.5,5.2,0.1
790,308,8,4,16.9,9.8,0
791,309,4,5,5.5,3.7,0
792,309,9,4,15.9,8.7,0.15
793,309,10,3,19.9,11.3,0.05
794,309,6,5,11.9,7.0,0.05
795,310,5,5,8.5,5.2,0
796,310,3,1,9.9,6.1,0
797,310,1,1,18.9,10.2,0.05
798,310,9,5,15.9,8.7,0
799,311,4,2,5.5,3.7,0
800,312,10,3,19.9,11.3,0
801,312,7,2,3.9,2.0,0
802,313,10,5,19.9,11.3,0.1
803,313,1,2,18.9,10.2,0.1
804,313,6,2,11.9,7.0,0.05
805,314,2,1,27.5,18.3,0
806,315,1,2,18.9,10.2,0
807,315,6,2,11.9,7.0,0
808,315,4,1,5.5,3.7,0
809,315,7,2,3.9,2.0,0.1
810,316,2,5,27.5,18.3,0
811,316,6,3,11.9,7.0,0
812,316,7,3,3.9,2.0,0
813,317,6,5,11.9,7.0,0
814,317,3,4,9.9,6.1,0
815,317,10,3,19.9,11.3,0
816,317,2,2,27.5,18.3,0.15
817,318,10,3,19.9,11.3,0.1
818,318,1,2,18.9,10.2,0.15
819,318,3,5,9.9,6.1,0
820,318,5,4,8.5,5.2,0
821,319,6,3,11.9,7.0,0.05
822,319,3,1,9.9,6.1,0
823,319,2,2,27.5,18.3,0
824,320,1,1,18.9,10.2,0.05
825,321,7,4,3.9,2.0,0
826,321,8,5,16.9,9.8,0.05
827,322,3,1,9.9,6.1,0
828,322,8,3,16.9,9.8,0
829,323,6,2,11.9,7.0,0.05
830,324,6,5,11.9,7.0,0.1
831,325,10,2,19.9,11.3,0
832,325,7,1,3.9,2.0,0
833,326,5,1,8.5,5.2,0
834,326,10,4,19.9,11.3,0.1
835,326,4,5,5.5,3.7,0.05
836,327,2,1,27.5,18.3,0
837,327,5,2,8.5,5.2,0
838,327,8,3,16.9,9.8,0
839,327,10,4,19.9,11.3,0
840,328,2,2,27.5,18.3,0
841,328,9,4,15.9,8.7,0
842,328,7,2,3.9,2.0,0.05
843,329,4,2,5.5,3.7,0.15
844,329,5,1,8.5,5.2,0
845,329,1,3,18.9,10.2,0.1
846,330,7,5,3.9,2.0,0.05
847,331,10,1,19.9,11.3,0.05
848,331,4,1,5.5,3.7,0.1
849,331,8,5,16.9,9.8,0.1
850,331,3,5,9.9,6.1,0.15
851,332,3,2,9.9,6.1,0
852,332,10,1,19.9,11.3,0.05
853,332,4,1,5.5,3.7,0.15
854,332,7,4,3.9,2.0,0
855,333,6,4,11.9,7.0,0.1
856,333,2,4,27.5,18.3,0.1
857,333,9,3,15.9,8.7,0
858,334,10,5,19.9,11.3,0.1
859,335,10,1,19.9,11.3,0.1
860,335,2,1,27.5,18.3,0
861,336,7,1,3.9,2.0,0
862,336,8,3,16.9,9.8,0.05
863,336,9,2,15.9,8.7,0.1
864,337,7,3,3.9,2.0,0.15
865,338,6,3,11.9,7.0,0
866,338,1,3,18.9,10.2,0.05
867,338,10,1,19.9,11.3,0
868,339,6,1,11.9,7.0,0
869,339,5,4,8.5,5.2,0
870,339,7,4,3.9,2.0,0.15
871,339,9,4,15.9,8.7,0.1
872,340,2,5,27.5,18.3,0.05
873,340,5,2,8.5,5.2,0.1
874,341,1,1,18.9,10.2,0.05
875,341,4,1,5.5,3.7,0
876,342,9,1,15.9,8.7,0
877,342,7,3,3.9,2.0,0.05
878,342,2,5,27.5,18.3,0.05
879,342,6,2,11.9,7.0,0.05
880,343,5,3,8.5,5.2,0
881,343,2,4,27.5,18.3,0
882,344,4,2,5.5,3.7,0
883,344,10,4,19.9,11.3,0.1
884,345,3,2,9.9,6.1,0
885,345,1,5,18.9,10.2,0
886,346,7,2,3.9,2.0,0.05
887,346,6,3,11.9,7.0,0.15
888,346,8,5,16.9,9.8,0.1
889,346,3,4,9.9,6.1,0.1
890,347,9,1,15.9,8.7,0.05
891,347,5,1,8.5,5.2,0
892,347,10,3,19.9,11.3,0.15
893,348,4,1,5.5,3.7,0.1
894,348,3,4,9.9,6.1,0.15
895,348,10,3,19.9,11.3,0.15
896,349,5,4,8.5,5.2,0.15
897,349,10,1,19.9,11.3,0.1
898,349,7,5,3.9,2.0,0
899,349,4,3,5.5,3.7,0.15
900,350,6,2,11.9,7.0,0.15
901,350,9,5,15.9,8.7,0
902,350,5,3,8.5,5.2,0
903,350,7,4,3.9,2.0,0
904,351,6,2,11.9,7.0,0
905,351,2,2,27.5,18.3,0.15
906,352,6,4,11.9,7.0,0
907,352,5,4,8.5,5.2,0
908,352,9,5,15.9,8.7,0.1
909,353,9,4,15.9,8.7,0.1
910,353,2,3,27.5,18.3,0.05
911,354,6,5,11.9,7.0,0.05
912,354,7,2,3.9,2.0,0
913,355,6,1,11.9,7.0,0.05
914,355,1,3,18.9,10.2,0
915,356,2,4,27.5,18.3,0.05
916,356,3,4,9.9,6.1,0.05
917,356,7,4,3.9,2.0,0
918,356,6,1,11.9,7.0,0.1
919,357,6,5,11.9,7.0,0
920,358,4,3,5.5,3.7,0
921,358,6,1,11.9,7.0,0.05
922,359,1,3,18.9,10.2,0
923,360,7,4,3.9,2.0,0
924,360,3,2,9.9,6.1,0
925,360,6,4,11.9,7.0,0
926,361,4,5,5.5,3.7,0.1
927,361,1,2,18.9,10.2,0
928,362,7,3,3.9,2.0,0.1
929,363,2,1,27.5,18.3,0
930,364,2,2,27.5,18.3,0
931,364,9,1,15.9,8.7,0
932,364,5,4,8.5,5.2,0.15
933,364,4,1,5.5,3.7,0.15
934,365,7,5,3.9,2.0,0.15
935,365,2,5,27.5,18.3,0
936,366,4,5,5.5,3.7,0
937,366,10,3,19.9,11.3,0.15
938,366,5,4,8.5,5.2,0
939,366,7,2,3.9,2.0,0
940,367,6,1,11.9,7.0,0
941,367,4,5,5.5,3.7,0.15
942,367,1,4,18.9,10.2,0
943,367,8,1,16.9,9.8,0.1
944,368,4,3,5.5,3.7,0.05
945,368,8,1,16.9,9.8,0
946,368,5,2,8.5,5.2,0
947,369,7,1,3.9,2.0,0
948,369,2,2,27.5,18.3,0.15
949,369,9,2,15.9,8.7,0
950,370,2,2,27.5,18.3,0
951,370,6,4,11.9,7.0,0.05
952,370,9,4,15.9,8.7,0
953,371,3,1,9.9,6.1,0
954,371,2,1,27.5,18.3,0.05
955,371,10,5,19.9,11.3,0.05
956,371,6,5,11.9,7.0,0.15
957,372,10,4,19.9,11.3,0.05
958,372,1,1,18.9,10.2,0.05
959,372,3,4,9.9,6.1,0
960,373,9,5,15.9,8.7,0.15
961,374,9,4,15.9,8.7,0.15
962,374,10,2,19.9,11.3,0.05
963,374,2,3,27.5,18.3,0.15
964,375,1,2,18.9,10.2,0.1
965,376,8,3,16.9,9.8,0
966,377,9,4,15.9,8.7,0
967,377,7,1,3.9,2.0,0.05
968,378,8,1,16.9,9.8,0
969,378,6,4,11.9,7.0,0.05
970,378,2,1,27.5,18.3,0.1
971,378,4,5,5.5,3.7,0
972,379,9,4,15.9,8.7,0
973,379,10,3,19.9,11.3,0
974,379,4,2,5.5,3.7,0.05
975,380,6,2,11.9,7.0,0
976,380,8,3,16.9,9.8,0
977,380,2,3,27.5,18.3,0.1
978,380,1,5,18.9,10.2,0
979,381,8,4,16.9,9.8,0
980,381,3,3,9.9,6.1,0.1
981,382,4,3,5.5,3.7,0
982,382,8,4,16.9,9.8,0
983,382,10,5,19.9,11.3,0
984,382,6,4,11.9,7.0,0.05
985,383,8,5,16.9,9.8,0.15
986,383,1,1,18.9,10.2,0.1
987,384,10,2,19.9,11.3,0
988,384,3,4,9.9,6.1,0.15
989,385,7,3,3.9,2.0,0
990,385,4,4,5.5,3.7,0
991,385,5,2,8.5,5.2,0.05
992,385,9,5,15.9,8.7,0.15
993,386,9,2,15.9,8.7,0.1
994,386,4,3,5.5,3.7,0.15
995,386,10,3,19.9,11.3,0.15
996,387,9,3,15.9,8.7,0.15
997,387,10,1,19.9,11.3,0
998,388,9,1,15.9,8.7,0.1
999,388,5,1,8.5,5.2,0
1000,388,7,4,3.9,2.0,0
1001,388,8,1,16.9,9.8,0.15
1002,389,5,2,8.5,5.2,0
1003,389,10,3,19.9,11.3,0
1004,390,2,5,27.5,18.3,0.05
1005,390,9,2,15.9,8.7,0.1
1006,390,4,3,5.5,3.7,0.15
1007,390,6,1,11.9,7.0,0.05
1008,391,9,3,15.9,8.7,0
1009,391,1,5,18.9,10.2,0.05
1010,391,10,2,19.9,11.3,0.15
1011,392,4,4,5.5,3.7,0
1012,392,5,1,8.5,5.2,0
1013,393,1,3,18.9,10.2,0
1014,393,7,2,3.9,2.0,0.1
1015,393,5,3,8.5,5.2,0
1016,393,8,3,16.9,9.8,0.05
1017,394,10,4,19.9,11.3,0.1
1018,394,1,5,18.9,10.2,0
1019,394,5,1,8.5,5.2,0.15
1020,395,9,5,15.9,8.7,0
1021,395,2,4,27.5,18.3,0.1
1022,396,4,3,5.5,3.7,0
1023,396,6,3,11.9,7.0,0
1024,397,2,3,27.5,18.3,0.05
1025,398,1,4,18.9,10.2,0
1026,398,6,4,11.9,7.0,0
1027,399,9,4,15.9,8.7,0
1028,399,10,3,19.9,11.3,0.15
1029,399,8,2,16.9,9.8,0
1030,400,9,1,15.9,8.7,0.15
1031,400,10,1,19.9,11.3,0
1032,401,2,1,27.5,18.3,0.15
1033,401,4,2,5.5,3.7,0
1034,401,7,4,3.9,2.0,0.15
1035,401,6,3,11.9,7.0,0
1036,402,9,3,15.9,8.7,0.05
1037,402,2,4,27.5,18.3,0.05
1038,402,4,4,5.5,3.7,0.05
1039,403,9,1,15.9,8.7,0.15
1040,404,2,3,27.5,18.3,0.1
1041,405,10,4,19.9,11.3,0.05
1042,405,2,4,27.5,18.3,0.15
1043,405,5,1,8.5,5.2,0.05
1044,406,9,3,15.9,8.7,0
1045,406,5,5,8.5,5.2,0.1
1046,406,3,2,9.9,6.1,0
1047,406,8,1,16.9,9.8,0
1048,407,5,2,8.5,5.2,0.15
1049,408,3,2,9.9,6.1,0.1
1050,408,10,3,19.9,11.3,0
1051,409,9,4,15.9,8.7,0.15
1052,410,5,1,8.5,5.2,0
1053,411,3,3,9.9,6.1,0.1
1054,411,4,1,5.5,3.7,0
1055,411,2,3,27.5,18.3,0.05
1056,412,10,3,19.9,11.3,0.05
1057,412,3,2,9.9,6.1,0
1058,412,6,3,11.9,7.0,0
1059,413,5,3,8.5,5.2,0.05
1060,413,6,4,11.9,7.0,0.05
1061,413,3,3,9.9,6.1,0
1062,413,9,4,15.9,8.7,0.1
1063,414,5,2,8.5,5.2,0.1
1064,415,2,1,27.5,18.3,0.1
1065,416,10,3,19.9,11.3,0.1
1066,416,4,5,5.5,3.7,0.05
1067,416,1,2,18.9,10.2,0
1068,416,5,4,8.5,5.2,0
1069,417,8,5,16.9,9.8,0
1070,417,9,4,15.9,8.7,0
1071,418,9,4,15.9,8.7,0
1072,418,3,2,9.9,6.1,0.1
1073,419,8,1,16.9,9.8,0
1074,419,6,4,11.9,7.0,0
1075,420,4,5,5.5,3.7,0
1076,421,1,3,18.9,10.2,0
1077,422,5,4,8.5,5.2,0.15
1078,422,9,4,15.9,8.7,0
1079,422,3,5,9.9,6.1,0.15
1080,423,9,3,15.9,8.7,0
1081,423,7,4,3.9,2.0,0.05
1082,424,8,2,16.9,9.8,0
1083,424,3,5,9.9,6.1,0.15
1084,425,6,2,11.9,7.0,0.05
1085,425,2,3,27.5,18.3,0.15
1086,426,4,2,5.5,3.7,0
1087,426,3,2,9.9,6.1,0.1
1088,426,7,5,3.9,2.0,0
1089,426,1,2,18.9,10.2,0.15
1090,427,1,3,18.9,10.2,0
1091,427,3,5,9.9,6.1,0.05
1092,428,2,5,27.5,18.3,0.05
1093,428,4,4,5.5,3.7,0
1094,428,8,2,16.9,9.8,0.05
1095,429,10,3,19.9,11.3,0
1096,429,9,3,15.9,8.7,0.05
1097,430,7,2,3.9,2.0,0.1
1098,430,3,5,9.9,6.1,0.15
1099,430,2,4,27.5,18.3,0
1100,430,1,5,18.9,10.2,0
1101,431,9,5,15.9,8.7,0
1102,432,7,5,3.9,2.0,0.05
1103,433,4,5,5.5,3.7,0.15
1104,433,8,5,16.9,9.8,0
1105,433,7,4,3.9,2.0,0
1106,433,3,3,9.9,6.1,0.05
1107,434,5,1,8.5,5.2,0.1
1108,434,4,5,5.5,3.7,0
1109,434,1,5,18.9,10.2,0
1110,434,6,4,11.9,7.0,0.15
1111,435,6,5,11.9,7.0,0
1112,435,2,3,27.5,18.3,0.1
1113,435,3,4,9.9,6.1,0.1
1114,435,4,3,5.5,3.7,0.1
1115,436,7,5,3.9,2.0,0.05
1116,436,9,2,15.9,8.7,0
1117,437,10,2,19.9,11.3,0.15
1118,437,6,1,11.9,7.0,0.15
1119,437,7,2,3.9,2.0,0.05
1120,438,6,4,11.9,7.0,0.15
1121,438,9,1,15.9,8.7,0
1122,438,1,2,18.9,10.2,0.05
1123,438,2,5,27.5,18.3,0.05
1124,439,2,4,27.5,18.3,0.1
1125,439,1,5,18.9,10.2,0
1126,439,7,5,3.9,2.0,0
1127,440,4,5,5.5,3.7,0
1128,441,10,1,19.9,11.3,0
1129,441,3,2,9.9,6.1,0.15
1130,442,7,4,3.9,2.0,0.1
1131,442,6,2,11.9,7.0,0.1
1132,442,10,1,19.9,11.3,0.15
1133,443,9,3,15.9,8.7,0
1134,443,6,5,11.9,7.0,0
1135,443,10,4,19.9,11.3,0.05
1136,444,9,3,15.9,8.7,0
1137,444,2,1,27.5,18.3,0.1
1138,444,10,3,19.9,11.3,0.1
1139,444,5,5,8.5,5.2,0
1140,445,4,4,5.5,3.7,0.1
1141,445,6,1,11.9,7.0,0.05
1142,445,8,1,16.9,9.8,0
1143,445,9,1,15.9,8.7,0.05
1144,446,6,3,11.9,7.0,0.1
1145,446,7,5,3.9,2.0,0
1146,447,7,3,3.9,2.0,0
1147,448,4,2,5.5,3.7,0.05
1148,448,5,2,8.5,5.2,0
1149,448,3,2,9.9,6.1,0
1150,449,10,2,19.9,11.3,0
1151,449,6,1,11.9,7.0,0
1152,450,9,1,15.9,8.7,0.05
1153,451,8,4,16.9,9.8,0
1154,451,3,5,9.9,6.1,0
1155,451,5,1,8.5,5.2,0.1
1156,452,9,3,15.9,8.7,0.05
1157,453,9,4,15.9,8.7,0
1158,454,7,3,3.9,2.0,0
1159,454,2,5,27.5,18.3,0
1160,455,8,2,16.9,9.8,0.05
1161,455,6,4,11.9,7.0,0
1162,455,9,4,15.9,8.7,0.15
1163,456,8,5,16.9,9.8,0.15
1164,456,3,2,9.9,6.1,0
1165,456,9,3,15.9,8.7,0
1166,457,3,4,9.9,6.1,0
1167,457,10,2,19.9,11.3,0.05
1168,458,8,5,16.9,9.8,0.1
1169,458,5,1,8.5,5.2,0.05
1170,458,9,1,15.9,8.7,0.15
1171,459,8,3,16.9,9.8,0
1172,459,2,3,27.5,18.3,0
1173,459,10,5,19.9,11.3,0.1
1174,460,6,5,11.9,7.0,0
1175,461,5,3,8.5,5.2,0.15
1176,461,6,5,11.9,7.0,0.05
1177,462,8,3,16.9,9.8,0.05
1178,462,3,5,9.9,6.1,0.1
1179,462,9,4,15.9,8.7,0
1180,463,6,5,11.9,7.0,0.15
1181,463,5,4,8.5,5.2,0
1182,463,9,4,15.9,8.7,0
1183,464,3,2,9.9,6.1,0.15
1184,464,10,3,19.9,11.3,0.15
1185,464,1,1,18.9,10.2,0
1186,464,2,2,27.5,18.3,0.05
1187,465,9,4,15.9,8.7,0.1
1188,465,1,1,18.9,10.2,0
1189,465,10,3,19.9,11.3,0.1
1190,465,7,2,3.9,2.0,0
1191,466,5,2,8.5,5.2,0
1192,466,8,5,16.9,9.8,0
1193,467,8,5,16.9,9.8,0.05
1194,467,10,2,19.9,11.3,0.15
1195,467,5,5,8.5,5.2,0
1196,468,9,4,15.9,8.7,0.1
1197,468,10,2,19.9,11.3,0
1198,468,5,4,8.5,5.2,0
1199,468,3,3,9.9,6.1,0.05
1200,469,9,2,15.9,8.7,0
1201,470,8,4,16.9,9.8,0
1202,470,5,5,8.5,5.2,0
1203,470,1,1,18.9,10.2,0.1
1204,470,7,3,3.9,2.0,0
1205,471,3,4,9.9,6.1,0
1206,471,7,3,3.9,2.0,0
1207,472,5,4,8.5,5.2,0
1208,472,9,1,15.9,8.7,0
1209,472,10,2,19.9,11.3,0
1210,473,5,1,8.5,5.2,0
1211,473,8,1,16.9,9.8,0.1
1212,473,4,1,5.5,3.7,0
1213,473,3,1,9.9,6.1,0
1214,474,4,1,5.5,3.7,0
1215,475,5,1,8.5,5.2,0
1216,475,8,1,16.9,9.8,0
1217,475,6,1,11.9,7.0,0
1218,475,4,4,5.5,3.7,0
1219,476,7,2,3.9,2.0,0.05
1220,476,1,4,18.9,10.2,0
1221,476,2,1,27.5,18.3,0
1222,477,8,3,16.9,9.8,0
1223,477,7,2,3.9,2.0,0.15
1224,478,5,4,8.5,5.2,0.15
1225,479,4,1,5.5,3.7,0
1226,480,5,4,8.5,5.2,0
1227,480,2,1,27.5,18.3,0
1228,481,6,2,11.9,7.0,0
1229,481,2,4,27.5,18.3,0
1230,482,1,3,18.9,10.2,0.15
1231,483,3,4,9.9,6.1,0
1232,484,8,4,16.9,9.8,0
1233,484,4,2,5.5,3.7,0
1234,484,1,1,18.9,10.2,0.05
1235,485,4,4,5.5,3.7,0
1236,485,3,5,9.9,6.1,0.1
1237,485,6,2,11.9,7.0,0
1238,485,9,5,15.9,8.7,0
1239,486,8,2,16.9,9.8,0
1240,486,1,5,18.9,10.2,0
1241,486,7,5,3.9,2.0,0
1242,487,4,5,5.5,3.7,0
1243,487,9,5,15.9,8.7,0
1244,487,8,3,16.9,9.8,0.05
1245,487,7,3,3.9,2.0,0
1246,488,3,2,9.9,6.1,0
1247,489,1,5,18.9,10.2,0.15
1248,490,1,5,18.9,10.2,0.15
1249,490,6,1,11.9,7.0,0
1250,490,4,2,5.5,3.7,0.15
1251,491,6,5,11.9,7.0,0.15
1252,492,10,3,19.9,11.3,0.1
1253,493,2,1,27.5,18.3,0.15
1254,493,4,2,5.5,3.7,0.1
1255,493,10,4,19.9,11.3,0
1256,494,9,4,15.9,8.7,0.15
1257,494,10,1,19.9,11.3,0.15
1258,495,2,4,27.5,18.3,0.1
1259,495,3,3,9.9,6.1,0.15
1260,495,9,2,15.9,8.7,0.1
1261,495,5,5,8.5,5.2,0.05
1262,496,6,3,11.9,7.0,0.1
1263,496,7,2,3.9,2.0,0.1
1264,496,9,5,15.9,8.7,0
1265,497,6,4,11.9,7.0,0
1266,497,8,1,16.9,9.8,0
1267,497,9,5,15.9,8.7,0
1268,498,1,2,18.9,10.2,0
1269,498,5,1,8.5,5.2,0.15
1270,498,4,3,5.5,3.7,0.1
1271,499,2,4,27.5,18.3,0
1272,499,1,2,18.9,10.2,0
1273,500,4,3,5.5,3.7,0
1274,500,5,5,8.5,5.2,0.05
1275,501,8,5,16.9,9.8,0
1276,501,3,5,9.9,6.1,0.15
1277,501,10,3,19.9,11.3,0
1278,502,6,3,11.9,7.0,0.05
1279,503,10,4,19.9,11.3,0
1280,503,1,3,18.9,10.2,0.1
1281,504,6,2,11.9,7.0,0
1282,504,9,1,15.9,8.7,0.15
1283,505,4,4,5.5,3.7,0
1284,506,8,5,16.9,9.8,0.15
1285,507,7,5,3.9,2.0,0.05
1286,508,9,5,15.9,8.7,0
1287,508,4,5,5.5,3.7,0.1
1288,508,8,5,16.9,9.8,0
1289,508,10,2,19.9,11.3,0
1290,509,2,4,27.5,18.3,0.05
1291,510,10,2,19.9,11.3,0
1292,510,1,5,18.9,10.2,0.05
1293,510,5,5,8.5,5.2,0
1294,511,4,2,5.5,3.7,0.15
1295,511,6,1,11.9,7.0,0
1296,512,5,3,8.5,5.2,0.15
1297,512,1,1,18.9,10.2,0
1298,513,9,2,15.9,8.7,0.1
1299,513,4,5,5.5,3.7,0
1300,514,1,5,18.9,10.2,0.15
1301,514,7,5,3.9,2.0,0
1302,515,10,1,19.9,11.3,0.05
1303,515,5,1,8.5,5.2,0
1304,516,2,4,27.5,18.3,0
1305,516,1,4,18.9,10.2,0.1
1306,516,5,1,8.5,5.2,0
1307,517,4,4,5.5,3.7,0.1
1308,517,9,1,15.9,8.7,0
1309,518,7,3,3.9,2.0,0
1310,518,3,3,9.9,6.1,0
1311,518,1,5,18.9,10.2,0
1312,518,9,1,15.9,8.7,0.15
1313,519,9,3,15.9,8.7,0
1314,520,2,5,27.5,18.3,0.15
1315,520,7,5,3.9,2.0,0.15
1316,521,7,5,3.9,2.0,0
1317,521,5,4,8.5,5.2,0.1
1318,522,3,5,9.9,6.1,0
1319,522,5,4,8.5,5.2,0
1320,523,2,2,27.5,18.3,0
1321,523,9,2,15.9,8.7,0.15
1322,523,10,1,19.9,11.3,0
1323,524,3,2,9.9,6.1,0
1324,524,4,1,5.5,3.7,0.1
1325,524,2,5,27.5,18.3,0
1326,525,4,3,5.5,3.7,0
1327,525,1,4,18.9,10.2,0
1328,526,3,4,9.9,6.1,0
1329,526,7,2,3.9,2.0,0
1330,526,8,2,16.9,9.8,0
1331,527,4,2,5.5,3.7,0.05
1332,527,10,5,19.9,11.3,0.05
1333,527,9,3,15.9,8.7,0.05
1334,527,1,2,18.9,10.2,0.05
1335,528,6,1,11.9,7.0,0.05
1336,528,7,4,3.9,2.0,0
1337,528,1,2,18.9,10.2,0.1
1338,528,5,5,8.5,5.2,0.05
1339,529,4,3,5.5,3.7,0.05
1340,530,8,3,16.9,9.8,0.1
1341,530,3,1,9.9,6.1,0.15
1342,530,7,5,3.9,2.0,0
1343,531,3,5,9.9,6.1,0.15
1344,532,8,4,16.9,9.8,0.1
1345,532,1,2,18.9,10.2,0.05
1346,532,3,1,9.9,6.1,0
1347,533,2,1,27.5,18.3,0.15
1348,533,10,4,19.9,11.3,0.15
1349,534,9,4,15.9,8.7,0
1350,534,3,2,9.9,6.1,0
1351,534,7,5,3.9,2.0,0.15
1352,534,5,2,8.5,5.2,0
1353,535,7,3,3.9,2.0,0
1354,536,3,2,9.9,6.1,0
1355,537,8,4,16.9,9.8,0
1356,537,9,2,15.9,8.7,0.1
1357,537,1,4,18.9,10.2,0.05
1358,537,5,4,8.5,5.2,0.05
1359,538,9,5,15.9,8.7,0.15
1360,538,5,5,8.5,5.2,0
1361,539,1,5,18.9,10.2,0.1
1362,539,3,3,9.9,6.1,0
1363,539,10,1,19.9,11.3,0
1364,540,5,2,8.5,5.2,0.05
1365,540,9,5,15.9,8.7,0
1366,541,6,4,11.9,7.0,0.1
1367,541,7,1,3.9,2.0,0
1368,541,2,4,27.5,18.3,0
1369,542,9,2,15.9,8.7,0.1
1370,542,7,1,3.9,2.0,0
1371,542,4,5,5.5,3.7,0.15
1372,543,10,3,19.9,11.3,0
1373,543,5,5,8.5,5.2,0.1
1374,543,7,5,3.9,2.0,0
1375,543,9,2,15.9,8.7,0.1
1376,544,8,3,16.9,9.8,0
1377,544,3,1,9.9,6.1,0
1378,544,4,1,5.5,3.7,0.05
1379,544,6,1,11.9,7.0,0.15
1380,545,1,2,18.9,10.2,0
1381,545,6,2,11.9,7.0,0.15
1382,545,9,3,15.9,8.7,0
1383,545,5,1,8.5,5.2,0
1384,546,2,3,27.5,18.3,0
1385,547,3,2,9.9,6.1,0
1386,548,1,4,18.9,10.2,0.1
1387,548,3,3,9.9,6.1,0.05
1388,548,8,4,16.9,9.8,0.15
1389,548,2,1,27.5,18.3,0.1
1390,549,9,2,15.9,8.7,0.1
1391,549,10,3,19.9,11.3,0
1392,549,1,1,18.9,10.2,0
1393,550,9,5,15.9,8.7,0
1394,550,3,3,9.9,6.1,0.15
1395,550,7,3,3.9,2.0,0.15
1396,550,2,1,27.5,18.3,0
1397,551,6,3,11.9,7.0,0
1398,551,8,5,16.9,9.8,0
1399,552,4,1,5.5,3.7,0.05
1400,553,4,4,5.5,3.7,0.15
1401,553,6,5,11.9,7.0,0
1402,554,9,2,15.9,8.7,0
1403,555,1,3,18.9,10.2,0
1404,556,8,5,16.9,9.8,0.15
1405,556,1,3,18.9,10.2,0
1406,556,2,5,27.5,18.3,0
1407,557,5,5,8.5,5.2,0
1408,557,10,4,19.9,11.3,0.15
1409,558,2,2,27.5,18.3,0.1
1410,558,1,3,18.9,10.2,0.1
1411,558,10,3,19.9,11.3,0
1412,559,3,3,9.9,6.1,0.1
1413,559,2,3,27.5,18.3,0.1
1414,560,1,1,18.9,10.2,0.05
1415,560,2,4,27.5,18.3,0
1416,560,7,5,3.9,2.0,0.1
1417,560,10,4,19.9,11.3,0.1
1418,561,9,4,15.9,8.7,0.1
1419,561,2,2,27.5,18.3,0
1420,562,8,2,16.9,9.8,0
1421,562,10,5,19.9,11.3,0
1422,562,4,3,5.5,3.7,0.05
1423,563,6,1,11.9,7.0,0
1424,563,8,4,16.9,9.8,0
1425,563,9,3,15.9,8.7,0.05
1426,564,10,4,19.9,11.3,0.15
1427,564,3,1,9.9,6.1,0
1428,564,2,5,27.5,18.3,0.15
1429,565,10,2,19.9,11.3,0.1
1430,565,7,2,3.9,2.0,0.05
1431,565,4,4,5.5,3.7,0
1432,565,5,3,8.5,5.2,0
1433,566,10,1,19.9,11.3,0.15
1434,566,6,5,11.9,7.0,0.05
1435,566,4,1,5.5,3.7,0.1
1436,566,2,5,27.5,18.3,0.05
1437,567,3,5,9.9,6.1,0
1438,567,5,5,8.5,5.2,0.05
1439,567,7,3,3.9,2.0,0.05
1440,567,1,1,18.9,10.2,0
1441,568,3,2,9.9,6.1,0.05
1442,569,4,5,5.5,3.7,0.15
1443,569,10,3,19.9,11.3,0.05
1444,569,6,3,11.9,7.0,0
1445,569,3,5,9.9,6.1,0
1446,570,5,3,8.5,5.2,0.1
1447,570,1,1,18.9,10.2,0
1448,571,2,2,27.5,18.3,0.05
1449,571,5,5,8.5,5.2,0.05
1450,571,1,3,18.9,10.2,0.15
1451,572,3,2,9.9,6.1,0
1452,572,8,5,16.9,9.8,0.05
1453,573,3,1,9.9,6.1,0.15
1454,573,1,1,18.9,10.2,0
1455,574,2,4,27.5,18.3,0.05
1456,574,3,5,9.9,6.1,0.05
1457,575,9,2,15.9,8.7,0
1458,575,8,4,16.9,9.8,0.1
1459,575,7,1,3.9,2.0,0.1
1460,575,3,4,9.9,6.1,0.15
1461,576,9,5,15.9,8.7,0.05
1462,576,6,3,11.9,7.0,0
1463,576,1,5,18.9,10.2,0.05
1464,576,8,1,16.9,9.8,0
1465,577,9,5,15.9,8.7,0
1466,578,9,5,15.9,8.7,0
1467,579,8,4,16.9,9.8,0.1
1468,580,6,1,11.9,7.0,0.15
1469,580,5,5,8.5,5.2,0.15
1470,580,9,3,15.9,8.7,0.15
1471,580,2,5,27.5,18.3,0
1472,581,10,3,19.9,11.3,0.15
1473,581,1,5,18.9,10.2,0
1474,582,5,3,8.5,5.2,0
1475,583,1,5,18.9,10.2,0.15
1476,583,2,2,27.5,18.3,0.15
1477,583,3,4,9.9,6.1,0
1478,584,8,5,16.9,9.8,0
1479,584,3,3,9.9,6.1,0
1480,585,8,4,16.9,9.8,0
1481,585,7,4,3.9,2.0,0.15
1482,586,1,1,18.9,10.2,0
1483,586,5,4,8.5,5.2,0.05
1484,586,2,4,27.5,18.3,0
1485,587,7,4,3.9,2.0,0
1486,587,10,2,19.9,11.3,0.1
1487,588,7,5,3.9,2.0,0.15
1488,588,6,3,11.9,7.0,0.05
1489,588,1,5,18.9,10.2,0.15
1490,588,8,3,16.9,9.8,0
1491,589,10,2,19.9,11.3,0.15
1492,589,7,5,3.9,2.0,0
1493,589,8,5,16.9,9.8,0
1494,590,9,1,15.9,8.7,0
1495,590,1,4,18.9,10.2,0
1496,590,10,5,19.9,11.3,0
1497,591,5,1,8.5,5.2,0.1
1498,591,4,1,5.5,3.7,0
1499,591,1,5,18.9,10.2,0.15
1500,592,2,5,27.5,18.3,0
1501,593,2,3,27.5,18.3,0
1502,593,3,4,9.9,6.1,0.15
1503,594,7,2,3.9,2.0,0
1504,594,6,3,11.9,7.0,0
1505,594,5,4,8.5,5.2,0.05
1506,595,3,4,9.9,6.1,0
1507,595,8,5,16.9,9.8,0.05
1508,595,2,2,27.5,18.3,0.15
1509,596,4,3,5.5,3.7,0
1510,596,2,1,27.5,18.3,0
1511,596,8,1,16.9,9.8,0.1
1512,596,6,3,11.9,7.0,0.05
1513,597,1,4,18.9,10.2,0
1514,598,10,4,19.9,11.3,0.05
1515,598,1,1,18.9,10.2,0.1
1516,598,8,2,16.9,9.8,0
1517,598,4,4,5.5,3.7,0.15
1518,599,6,1,11.9,7.0,0.15
1519,599,5,1,8.5,5.2,0
1520,599,7,5,3.9,2.0,0
1521,600,4,4,5.5,3.7,0.15
1522,600,3,2,9.9,6.1,0
1523,600,1,4,18.9,10.2,0
1524,601,8,2,16.9,9.8,0
1525,602,8,1,16.9,9.8,0.1
1526,602,7,3,3.9,2.0,0.05
1527,603,1,3,18.9,10.2,0
1528,604,4,5,5.5,3.7,0.05
1529,605,2,2,27.5,18.3,0.05
1530,605,1,1,18.9,10.2,0.05
1531,606,1,1,18.9,10.2,0
1532,606,3,1,9.9,6.1,0.05
1533,607,2,1,27.5,18.3,0.05
1534,608,7,4,3.9,2.0,0
1535,608,6,1,11.9,7.0,0.15
1536,609,1,3,18.9,10.2,0
1537,609,3,1,9.9,6.1,0
1538,610,9,2,15.9,8.7,0.1
1539,610,3,1,9.9,6.1,0
1540,610,8,1,16.9,9.8,0.15
1541,611,8,1,16.9,9.8,0
1542,612,7,2,3.9,2.0,0
1543,612,8,3,16.9,9.8,0.1
1544,612,3,4,9.9,6.1,0.05
1545,613,10,2,19.9,11.3,0.15
1546,614,6,5,11.9,7.0,0
1547,614,7,2,3.9,2.0,0
1548,614,1,5,18.9,10.2,0
1549,615,8,3,16.9,9.8,0
1550,615,4,2,5.5,3.7,0
1551,616,8,1,16.9,9.8,0
1552,616,3,3,9.9,6.1,0
1553,616,9,2,15.9,8.7,0.05
1554,616,6,3,11.9,7.0,0
1555,617,9,2,15.9,8.7,0
1556,618,4,4,5.5,3.7,0.1
1557,619,4,2,5.5,3.7,0
1558,619,2,2,27.5,18.3,0.15
1559,619,6,4,11.9,7.0,0
1560,620,1,5,18.9,10.2,0.05
1561,620,7,2,3.9,2.0,0.05
1562,620,3,3,9.9,6.1,0
1563,620,2,4,27.5,18.3,0.15
1564,621,4,1,5.5,3.7,0.15
1565,621,6,5,11.9,7.0,0
1566,621,3,3,9.9,6.1,0
1567,622,6,3,11.9,7.0,0.1
1568,622,4,2,5.5,3.7,0.15
1569,623,2,5,27.5,18.3,0.05
1570,623,7,2,3.9,2.0,0.1
1571,624,4,5,5.5,3.7,0
1572,624,10,5,19.9,11.3,0
1573,624,6,5,11.9,7.0,0
1574,624,9,4,15.9,8.7,0
1575,625,7,5,3.9,2.0,0.05
1576,626,8,1,16.9,9.8,0.15
1577,626,4,4,5.5,3.7,0
1578,626,2,2,27.5,18.3,0
1579,626,5,3,8.5,5.2,0
1580,627,3,4,9.9,6.1,0.05
1581,627,8,2,16.9,9.8,0.15
1582,627,1,4,18.9,10.2,0
1583,628,2,4,27.5,18.3,0.15
1584,629,5,1,8.5,5.2,0.1
1585,629,9,3,15.9,8.7,0.15
1586,629,4,1,5.5,3.7,0.1
1587,629,7,3,3.9,2.0,0
1588,630,6,3,11.9,7.0,0
1589,631,3,2,9.9,6.1,0.1
1590,631,6,1,11.9,7.0,0.15
1591,632,4,3,5.5,3.7,0
1592,632,6,5,11.9,7.0,0.15
1593,633,6,5,11.9,7.0,0.1
1594,633,8,1,16.9,9.8,0.05
1595,633,9,5,15.9,8.7,0.15
1596,634,2,1,27.5,18.3,0
1597,634,4,4,5.5,3.7,0
1598,634,8,3,16.9,9.8,0
1599,635,8,2,16.9,9.8,0.1
1600,635,3,1,9.9,6.1,0
1601,636,8,4,16.9,9.8,0.05
1602,636,6,1,11.9,7.0,0
1603,637,9,4,15.9,8.7,0.1
1604,637,6,3,11.9,7.0,0.15
1605,638,8,3,16.9,9.8,0
1606,638,5,3,8.5,5.2,0
1607,638,3,4,9.9,6.1,0
1608,638,7,3,3.9,2.0,0
1609,639,10,5,19.9,11.3,0
1610,639,3,2,9.9,6.1,0
1611,640,3,1,9.9,6.1,0
1612,640,4,3,5.5,3.7,0.1
1613,641,4,1,5.5,3.7,0.15
1614,641,9,3,15.9,8.7,0
1615,642,9,1,15.9,8.7,0
1616,642,5,4,8.5,5.2,0.05
1617,643,1,5,18.9,10.2,0
1618,643,9,3,15.9,8.7,0.05
1619,644,6,2,11.9,7.0,0.15
1620,644,2,5,27.5,18.3,0
1621,644,8,3,16.9,9.8,0
1622,644,1,4,18.9,10.2,0.1
1623,645,1,3,18.9,10.2,0
1624,645,4,1,5.5,3.7,0
1625,645,9,5,15.9,8.7,0.05
1626,646,4,5,5.5,3.7,0.1
1627,646,8,1,16.9,9.8,0.15
1628,646,6,3,11.9,7.0,0.05
1629,646,5,2,8.5,5.2,0.15
1630,647,5,3,8.5,5.2,0
1631,648,4,4,5.5,3.7,0.15
1632,649,7,2,3.9,2.0,0
1633,649,3,4,9.9,6.1,0.1
1634,649,2,3,27.5,18.3,0
1635,649,8,5,16.9,9.8,0.05
1636,650,7,5,3.9,2.0,0
1637,650,3,2,9.9,6.1,0
1638,650,8,4,16.9,9.8,0
1639,651,10,5,19.9,11.3,0.15
1640,651,5,4,8.5,5.2,0
1641,651,8,1,16.9,9.8,0
1642,652,2,4,27.5,18.3,0.15
1643,652,5,2,8.5,5.2,0
1644,652,7,1,3.9,2.0,0
1645,652,10,4,19.9,11.3,0
1646,653,10,4,19.9,11.3,0.15
1647,653,7,1,3.9,2.0,0
1648,653,5,5,8.5,5.2,0.15
1649,653,6,5,11.9,7.0,0
1650,654,6,2,11.9,7.0,0
1651,654,8,2,16.9,9.8,0
1652,655,1,5,18.9,10.2,0.15
1653,655,5,1,8.5,5.2,0.1
1654,655,9,2,15.9,8.7,0.15
1655,656,9,3,15.9,8.7,0.15
1656,656,6,3,11.9,7.0,0
1657,657,9,5,15.9,8.7,0
1658,658,6,3,11.9,7.0,0
1659,658,8,1,16.9,9.8,0
1660,658,7,2,3.9,2.0,0.1
1661,659,7,4,3.9,2.0,0
1662,660,6,4,11.9,7.0,0.1
1663,660,5,5,8.5,5.2,0
1664,660,10,2,19.9,11.3,0.15
1665,660,2,3,27.5,18.3,0
1666,661,4,2,5.5,3.7,0
1667,661,5,2,8.5,5.2,0
1668,662,2,1,27.5,18.3,0.05
1669,663,9,5,15.9,8.7,0
1670,664,2,3,27.5,18.3,0.15
1671,665,10,2,19.9,11.3,0.15
1672,665,4,3,5.5,3.7,0
1673,666,10,2,19.9,11.3,0.1
1674,666,6,5,11.9,7.0,0
1675,666,9,5,15.9,8.7,0.1
1676,667,9,2,15.9,8.7,0.15
1677,668,2,2,27.5,18.3,0.1
1678,669,8,2,16.9,9.8,0
1679,669,2,4,27.5,18.3,0.05
1680,670,6,1,11.9,7.0,0.05
1681,671,5,1,8.5,5.2,0
1682,671,9,4,15.9,8.7,0
1683,671,1,4,18.9,10.2,0
1684,672,4,4,5.5,3.7,0
1685,672,9,1,15.9,8.7,0.05
1686,672,7,3,3.9,2.0,0
1687,672,3,1,9.9,6.1,0.15
1688,673,9,4,15.9,8.7,0.05
1689,673,2,5,27.5,18.3,0
1690,673,10,2,19.9,11.3,0
1691,673,8,3,16.9,9.8,0
1692,674,2,4,27.5,18.3,0
1693,674,4,5,5.5,3.7,0.1
1694,674,7,3,3.9,2.0,0.15
1695,674,6,4,11.9,7.0,0
1696,675,8,4,16.9,9.8,0
1697,675,9,1,15.9,8.7,0
1698,675,5,4,8.5,5.2,0.05
1699,675,2,2,27.5,18.3,0.15
1700,676,2,4,27.5,18.3,0.15
1701,677,3,1,9.9,6.1,0.15
1702,677,5,5,8.5,5.2,0.05
1703,677,2,4,27.5,18.3,0
1704,678,9,1,15.9,8.7,0.05
1705,678,6,1,11.9,7.0,0.05
1706,678,1,4,18.9,10.2,0
1707,679,3,5,9.9,6.1,0.15
1708,680,3,1,9.9,6.1,0.1
1709,680,5,4,8.5,5.2,0.15
1710,680,7,5,3.9,2.0,0.15
1711,680,4,5,5.5,3.7,0.1
1712,681,9,4,15.9,8.7,0
1713,681,1,4,18.9,10.2,0.1
1714,682,6,5,11.9,7.0,0
1715,682,1,2,18.9,10.2,0
1716,682,9,3,15.9,8.7,0.15
1717,683,7,3,3.9,2.0,0
1718,683,2,4,27.5,18.3,0
1719,683,10,1,19.9,11.3,0.15
1720,684,10,3,19.9,11.3,0
1721,684,2,3,27.5,18.3,0
1722,684,9,1,15.9,8.7,0.1
1723,685,10,1,19.9,11.3,0.15
1724,685,9,4,15.9,8.7,0.1
1725,685,7,1,3.9,2.0,0
1726,685,3,4,9.9,6.1,0.1
1727,686,2,5,27.5,18.3,0.15
1728,686,4,3,5.5,3.7,0
1729,686,6,5,11.9,7.0,0
1730,686,9,3,15.9,8.7,0.05
1731,687,9,2,15.9,8.7,0
1732,688,4,3,5.5,3.7,0
1733,688,2,1,27.5,18.3,0.1
1734,688,9,5,15.9,8.7,0.05
1735,688,5,4,8.5,5.2,0
1736,689,9,5,15.9,8.7,0
1737,689,5,2,8.5,5.2,0.05
1738,689,7,4,3.9,2.0,0
1739,690,1,2,18.9,10.2,0.1
1740,690,9,4,15.9,8.7,0
1741,691,9,5,15.9,8.7,0
1742,691,7,3,3.9,2.0,0.05
1743,691,1,2,18.9,10.2,0
1744,692,7,1,3.9,2.0,0.15
1745,692,10,2,19.9,11.3,0.05
1746,692,6,3,11.9,7.0,0
1747,693,7,1,3.9,2.0,0
1748,693,4,2,5.5,3.7,0
1749,694,7,3,3.9,2.0,0
1750,694,1,1,18.9,10.2,0
1751,694,4,3,5.5,3.7,0.15
1752,694,2,5,27.5,18.3,0
1753,695,1,5,18.9,10.2,0
1754,695,10,1,19.9,11.3,0.05
1755,695,2,3,27.5,18.3,0.15
1756,695,3,1,9.9,6.1,0.05
1757,696,9,5,15.9,8.7,0.1
1758,697,10,3,19.9,11.3,0
1759,697,2,5,27.5,18.3,0.15
1760,698,4,2,5.5,3.7,0
1761,698,3,4,9.9,6.1,0.05
1762,698,2,3,27.5,18.3,0.1
1763,698,8,1,16.9,9.8,0.05
1764,699,6,5,11.9,7.0,0.05
1765,700,3,3,9.9,6.1,0
1766,700,6,1,11.9,7.0,0.15
1767,700,8,5,16.9,9.8,0
1768,701,5,4,8.5,5.2,0
1769,701,9,3,15.9,8.7,0.15
1770,702,7,3,3.9,2.0,0
1771,702,1,2,18.9,10.2,0
1772,702,10,2,19.9,11.3,0
1773,702,3,4,9.9,6.1,0.15
1774,703,5,1,8.5,5.2,0.05
1775,704,7,3,3.9,2.0,0.1
1776,704,2,1,27.5,18.3,0
1777,704,3,4,9.9,6.1,0.1
1778,705,1,2,18.9,10.2,0.15
1779,706,4,1,5.5,3.7,0
1780,706,5,2,8.5,5.2,0
1781,706,6,5,11.9,7.0,0.15
1782,706,9,2,15.9,8.7,0.1
1783,707,8,3,16.9,9.8,0
1784,707,10,5,19.9,11.3,0
1785,707,3,3,9.9,6.1,0
1786,708,7,5,3.9,2.0,0.15
1787,708,4,5,5.5,3.7,0.15
1788,708,1,2,18.9,10.2,0
1789,708,8,4,16.9,9.8,0
1790,709,7,5,3.9,2.0,0.05
1791,710,3,5,9.9,6.1,0.05
1792,710,2,4,27.5,18.3,0.15
1793,710,1,4,18.9,10.2,0
1794,711,5,2,8.5,5.2,0.05
1795,711,8,2,16.9,9.8,0.1
1796,711,7,2,3.9,2.0,0
1797,712,3,2,9.9,6.1,0.1
1798,712,1,4,18.9,10.2,0
1799,712,5,3,8.5,5.2,0.1
1800,712,10,4,19.9,11.3,0
1801,713,7,4,3.9,2.0,0.15
1802,713,4,5,5.5,3.7,0
1803,713,10,1,19.9,11.3,0
1804,714,8,5,16.9,9.8,0.15
1805,714,6,5,11.9,7.0,0.15
1806,715,5,5,8.5,5.2,0
1807,715,7,5,3.9,2.0,0
1808,715,6,3,11.9,7.0,0
1809,715,2,5,27.5,18.3,0.05
1810,716,9,3,15.9,8.7,0
1811,716,7,3,3.9,2.0,0
1812,716,3,2,9.9,6.1,0.05
1813,717,5,3,8.5,5.2,0.05
1814,717,10,2,19.9,11.3,0
1815,717,9,4,15.9,8.7,0
1816,717,8,5,16.9,9.8,0.15
1817,718,1,2,18.9,10.2,0
1818,718,4,4,5.5,3.7,0
1819,719,8,1,16.9,9.8,0.05
1820,720,8,3,16.9,9.8,0
1821,720,2,2,27.5,18.3,0
1822,720,3,2,9.9,6.1,0
1823,720,1,5,18.9,10.2,0
1824,721,9,5,15.9,8.7,0
1825,722,2,1,27.5,18.3,0.05
1826,722,6,3,11.9,7.0,0.1
1827,722,1,1,18.9,10.2,0
1828,722,3,2,9.9,6.1,0
1829,723,8,1,16.9,9.8,0.15
1830,723,5,5,8.5,5.2,0.05
1831,723,1,3,18.9,10.2,0.15
1832,723,3,5,9.9,6.1,0
1833,724,6,5,11.9,7.0,0.1
1834,724,1,4,18.9,10.2,0
1835,724,2,4,27.5,18.3,0
1836,725,2,4,27.5,18.3,0.05
1837,725,1,3,18.9,10.2,0.15
1838,725,4,2,5.5,3.7,0
1839,725,10,3,19.9,11.3,0.05
1840,726,10,1,19.9,11.3,0
1841,726,3,5,9.9,6.1,0
1842,726,6,4,11.9,7.0,0.05
1843,727,2,2,27.5,18.3,0.05
1844,727,7,4,3.9,2.0,0
1845,727,6,1,11.9,7.0,0.1
1846,727,5,3,8.5,5.2,0.05
1847,728,8,5,16.9,9.8,0
1848,728,9,3,15.9,8.7,0.05
1849,729,5,3,8.5,5.2,0
1850,729,3,5,9.9,6.1,0.05
1851,729,9,3,15.9,8.7,0.1
1852,729,6,1,11.9,7.0,0.1
1853,730,7,5,3.9,2.0,0
1854,730,2,3,27.5,18.3,0
1855,730,8,5,16.9,9.8,0
1856,730,6,5,11.9,7.0,0
1857,731,3,1,9.9,6.1,0
1858,731,7,4,3.9,2.0,0.15
1859,732,8,2,16.9,9.8,0
1860,732,5,2,8.5,5.2,0
1861,732,6,5,11.9,7.0,0
1862,732,7,1,3.9,2.0,0.05
1863,733,1,2,18.9,10.2,0.15
1864,734,5,3,8.5,5.2,0
1865,734,6,2,11.9,7.0,0
1866,734,7,1,3.9,2.0,0
1867,734,8,1,16.9,9.8,0
1868,735,8,2,16.9,9.8,0.05
1869,735,3,5,9.9,6.1,0
1870,736,8,1,16.9,9.8,0
1871,736,7,2,3.9,2.0,0
1872,737,1,3,18.9,10.2,0.1
1873,737,8,4,16.9,9.8,0
1874,737,4,3,5.5,3.7,0
1875,737,2,1,27.5,18.3,0.15
1876,738,1,4,18.9,10.2,0.1
1877,738,8,5,16.9,9.8,0.15
1878,738,7,5,3.9,2.0,0.15
1879,739,7,5,3.9,2.0,0
1880,740,8,3,16.9,9.8,0.05
1881,740,2,4,27.5,18.3,0
1882,740,10,2,19.9,11.3,0
1883,740,5,2,8.5,5.2,0.05
1884,741,10,5,19.9,11.3,0.15
1885,741,6,4,11.9,7.0,0
1886,742,6,2,11.9,7.0,0
1887,742,8,1,16.9,9.8,0.15
1888,742,3,4,9.9,6.1,0
1889,742,5,2,8.5,5.2,0
1890,743,8,5,16.9,9.8,0
1891,743,5,1,8.5,5.2,0
1892,743,4,3,5.5,3.7,0
1893,743,2,2,27.5,18.3,0
1894,744,7,1,3.9,2.0,0.1
1895,744,2,2,27.5,18.3,0.05
1896,744,4,3,5.5,3.7,0
1897,745,3,1,9.9,6.1,0.05
1898,745,9,4,15.9,8.7,0
1899,745,2,1,27.5,18.3,0.1
1900,746,9,1,15.9,8.7,0
1901,747,3,5,9.9,6.1,0.05
1902,747,5,1,8.5,5.2,0
1903,747,8,3,16.9,9.8,0
1904,748,7,4,3.9,2.0,0
1905,748,1,3,18.9,10.2,0.1
1906,748,4,2,5.5,3.7,0
1907,748,10,3,19.9,11.3,0
1908,749,3,4,9.9,6.1,0
1909,749,9,2,15.9,8.7,0.05
1910,750,1,1,18.9,10.2,0.15
1911,750,8,5,16.9,9.8,0
1912,750,3,1,9.9,6.1,0
1913,751,7,4,3.9,2.0,0
1914,751,1,2,18.9,10.2,0.1
1915,752,7,3,3.9,2.0,0
1916,752,10,1,19.9,11.3,0
1917,752,5,5,8.5,5.2,0.1
1918,753,9,3,15.9,8.7,0.15
1919,753,8,4,16.9,9.8,0
1920,754,7,2,3.9,2.0,0
1921,754,3,5,9.9,6.1,0.1
1922,754,5,3,8.5,5.2,0.1
1923,755,9,5,15.9,8.7,0
1924,756,1,3,18.9,10.2,0
1925,757,2,4,27.5,18.3,0
1926,758,4,3,5.5,3.7,0
1927,758,9,3,15.9,8.7,0.15
1928,758,10,5,19.9,11.3,0.15
1929,759,2,5,27.5,18.3,0.1
1930,759,6,2,11.9,7.0,0
1931,760,7,4,3.9,2.0,0
1932,760,2,4,27.5,18.3,0
1933,760,9,4,15.9,8.7,0
1934,760,1,3,18.9,10.2,0.15
1935,761,5,4,8.5,5.2,0.15
1936,761,8,4,16.9,9.8,0
1937,761,7,2,3.9,2.0,0.1
1938,761,4,2,5.5,3.7,0.05
1939,762,4,4,5.5,3.7,0.05
1940,763,2,1,27.5,18.3,0
1941,763,7,5,3.9,2.0,0
1942,763,10,1,19.9,11.3,0.1
1943,764,5,1,8.5,5.2,0
1944,764,10,2,19.9,11.3,0.1
1945,764,8,4,16.9,9.8,0
1946,765,1,1,18.9,10.2,0.05
1947,765,2,4,27.5,18.3,0.1
1948,765,6,3,11.9,7.0,0.1
1949,765,10,4,19.9,11.3,0
1950,766,3,4,9.9,6.1,0.05
1951,766,9,4,15.9,8.7,0
1952,767,7,5,3.9,2.0,0
1953,767,4,4,5.5,3.7,0.15
1954,767,10,3,19.9,11.3,0.15
1955,767,3,1,9.9,6.1,0
1956,768,9,2,15.9,8.7,0.1
1957,768,2,5,27.5,18.3,0.1
1958,768,10,1,19.9,11.3,0.1
1959,769,2,5,27.5,18.3,0
1960,770,10,1,19.9,11.3,0.1
1961,770,8,5,16.9,9.8,0
1962,771,6,4,11.9,7.0,0
1963,772,7,1,3.9,2.0,0
1964,772,5,5,8.5,5.2,0
1965,772,2,3,27.5,18.3,0
1966,773,5,2,8.5,5.2,0
1967,773,7,5,3.9,2.0,0
1968,774,7,2,3.9,2.0,0.05
1969,774,2,3,27.5,18.3,0
1970,774,6,4,11.9,7.0,0
1971,775,8,5,16.9,9.8,0.05
1972,775,9,1,15.9,8.7,0
1973,776,2,2,27.5,18.3,0
1974,776,8,3,16.9,9.8,0.1
1975,776,1,5,18.9,10.2,0.15
1976,776,4,1,5.5,3.7,0
1977,777,10,1,19.9,11.3,0.15
1978,777,7,5,3.9,2.0,0
1979,777,8,2,16.9,9.8,0
1980,778,9,4,15.9,8.7,0.1
1981,778,8,3,16.9,9.8,0.15
1982,778,1,2,18.9,10.2,0
1983,778,10,1,19.9,11.3,0.05
1984,779,6,2,11.9,7.0,0.15
1985,779,4,5,5.5,3.7,0.1
1986,779,5,1,8.5,5.2,0
1987,779,1,1,18.9,10.2,0.05
1988,780,7,3,3.9,2.0,0.15
1989,780,4,3,5.5,3.7,0.15
1990,780,6,4,11.9,7.0,0
1991,781,4,1,5.5,3.7,0.15
1992,781,8,2,16.9,9.8,0.15
1993,781,6,1,11.9,7.0,0.1
1994,782,7,4,3.9,2.0,0.05
1995,782,9,5,15.9,8.7,0
1996,783,8,1,16.9,9.8,0
1997,784,1,4,18.9,10.2,0
1998,784,2,2,27.5,18.3,0.05
1999,785,6,5,11.9,7.0,0.15
2000,785,4,3,5.5,3.7,0.15
2001,785,2,2,27.5,18.3,0
2002,786,10,4,19.9,11.3,0
2003,786,4,3,5.5,3.7,0.1
2004,786,1,5,18.9,10.2,0.05
2005,786,2,2,27.5,18.3,0.1
2006,787,2,1,27.5,18.3,0
2007,787,3,3,9.9,6.1,0.1
2008,788,4,5,5.5,3.7,0.05
2009,788,1,1,18.9,10.2,0.05
2010,788,5,1,8.5,5.2,0
2011,789,8,2,16.9,9.8,0
2012,789,6,3,11.9,7.0,0.05
2013,789,1,5,18.9,10.2,0.05
2014,789,9,3,15.9,8.7,0
2015,790,4,4,5.5,3.7,0
2016,791,2,4,27.5,18.3,0.05
2017,791,10,1,19.9,11.3,0.1
2018,791,1,3,18.9,10.2,0
2019,792,1,1,18.9,10.2,0.1
2020,792,6,5,11.9,7.0,0.05
2021,792,4,1,5.5,3.7,0.15
2022,793,1,4,18.9,10.2,0
2023,794,8,1,16.9,9.8,0
2024,795,1,5,18.9,10.2,0
2025,796,4,4,5.5,3.7,0.05
2026,796,1,5,18.9,10.2,0.1
2027,796,8,1,16.9,9.8,0
2028,796,10,1,19.9,11.3,0.05
2029,797,2,1,27.5,18.3,0.1
2030,798,10,5,19.9,11.3,0
2031,798,3,3,9.9,6.1,0.05
2032,799,4,1,5.5,3.7,0
2033,799,3,2,9.9,6.1,0
2034,800,5,2,8.5,5.2,0.05
2035,800,9,3,15.9,8.7,0.1
2036,800,3,3,9.9,6.1,0
2037,801,1,5,18.9,10.2,0.1
2038,801,4,1,5.5,3.7,0.05
2039,802,2,2,27.5,18.3,0.15
2040,802,6,4,11.9,7.0,0.15
2041,803,10,4,19.9,11.3,0
2042,803,6,2,11.9,7.0,0
2043,803,5,4,8.5,5.2,0
2044,804,4,5,5.5,3.7,0
2045,804,8,2,16.9,9.8,0.05
2046,805,3,1,9.9,6.1,0
2047,805,1,1,18.9,10.2,0.1
2048,805,6,1,11.9,7.0,0
2049,805,9,3,15.9,8.7,0.05
2050,806,1,2,18.9,10.2,0
2051,806,10,2,19.9,11.3,0
2052,806,4,3,5.5,3.7,0.15
2053,807,3,1,9.9,6.1,0
2054,807,4,3,5.5,3.7,0
2055,808,6,2,11.9,7.0,0
2056,809,3,1,9.9,6.1,0
2057,809,9,2,15.9,8.7,0
2058,809,7,2,3.9,2.0,0
2059,810,10,1,19.9,11.3,0.1
2060,810,7,5,3.9,2.0,0
2061,810,4,5,5.5,3.7,0
2062,811,3,2,9.9,6.1,0.15
2063,811,9,1,15.9,8.7,0.05
2064,811,8,5,16.9,9.8,0
2065,812,8,2,16.9,9.8,0
2066,812,9,3,15.9,8.7,0.1
2067,812,10,4,19.9,11.3,0.15
2068,813,10,2,19.9,11.3,0.05
2069,813,1,2,18.9,10.2,0.05
2070,813,4,2,5.5,3.7,0
2071,813,2,4,27.5,18.3,0.05
2072,814,5,2,8.5,5.2,0
2073,814,9,3,15.9,8.7,0.05
2074,814,2,5,27.5,18.3,0
2075,815,7,4,3.9,2.0,0.05
2076,815,8,3,16.9,9.8,0.05
2077,815,9,3,15.9,8.7,0
2078,816,5,3,8.5,5.2,0
2079,816,2,3,27.5,18.3,0.1
2080,817,4,1,5.5,3.7,0
2081,817,2,1,27.5,18.3,0.1
2082,817,9,2,15.9,8.7,0
2083,818,5,5,8.5,5.2,0
2084,818,4,1,5.5,3.7,0
2085,818,3,3,9.9,6.1,0
2086,819,8,5,16.9,9.8,0
2087,820,8,5,16.9,9.8,0.1
2088,820,4,5,5.5,3.7,0.05
2089,821,4,2,5.5,3.7,0.05
2090,821,7,4,3.9,2.0,0.1
2091,821,9,1,15.9,8.7,0
2092,822,1,3,18.9,10.2,0
2093,822,8,4,16.9,9.8,0.05
2094,822,6,4,11.9,7.0,0.15
2095,823,10,1,19.9,11.3,0
2096,824,7,5,3.9,2.0,0.05
2097,824,4,2,5.5,3.7,0.05
2098,824,10,1,19.9,11.3,0
2099,824,1,5,18.9,10.2,0.05
2100,825,9,2,15.9,8.7,0
2101,826,4,4,5.5,3.7,0
2102,826,2,2,27.5,18.3,0
2103,827,1,3,18.9,10.2,0.05
2104,827,6,4,11.9,7.0,0
2105,827,10,1,19.9,11.3,0
2106,827,2,5,27.5,18.3,0.05
2107,828,3,3,9.9,6.1,0.05
2108,828,4,4,5.5,3.7,0
2109,829,9,3,15.9,8.7,0
2110,829,8,1,16.9,9.8,0
2111,830,9,5,15.9,8.7,0.05
2112,830,6,4,11.9,7.0,0.05
2113,831,8,4,16.9,9.8,0.1
2114,831,6,2,11.9,7.0,0.05
2115,831,5,2,8.5,5.2,0
2116,832,3,1,9.9,6.1,0
2117,832,2,2,27.5,18.3,0
2118,832,7,5,3.9,2.0,0
2119,832,6,1,11.9,7.0,0.15
2120,833,6,1,11.9,7.0,0
2121,834,5,5,8.5,5.2,0
2122,834,4,4,5.5,3.7,0
2123,835,7,2,3.9,2.0,0.05
2124,835,6,1,11.9,7.0,0
2125,835,10,3,19.9,11.3,0
2126,835,8,2,16.9,9.8,0
2127,836,2,4,27.5,18.3,0
2128,836,10,4,19.9,11.3,0
2129,836,4,2,5.5,3.7,0
2130,836,6,1,11.9,7.0,0.1
2131,837,3,3,9.9,6.1,0
2132,837,2,4,27.5,18.3,0
2133,837,1,2,18.9,10.2,0
2134,837,6,1,11.9,7.0,0.15
2135,838,9,1,15.9,8.7,0.05
2136,839,1,4,18.9,10.2,0
2137,840,2,4,27.5,18.3,0
2138,840,1,1,18.9,10.2,0
2139,841,2,2,27.5,18.3,0
2140,841,3,4,9.9,6.1,0.1
2141,842,10,5,19.9,11.3,0.05
2142,842,4,4,5.5,3.7,0
2143,843,3,3,9.9,6.1,0
2144,843,1,4,18.9,10.2,0
2145,843,7,4,3.9,2.0,0
2146,844,1,4,18.9,10.2,0
2147,844,2,5,27.5,18.3,0.05
2148,844,4,1,5.5,3.7,0.15
2149,845,10,3,19.9,11.3,0.15
2150,846,6,3,11.9,7.0,0.15
2151,846,3,4,9.9,6.1,0
2152,847,7,5,3.9,2.0,0.15
2153,847,9,1,15.9,8.7,0
2154,847,4,1,5.5,3.7,0.1
2155,847,5,1,8.5,5.2,0
2156,848,10,1,19.9,11.3,0
2157,848,2,3,27.5,18.3,0.05
2158,849,1,5,18.9,10.2,0.05
2159,849,4,3,5.5,3.7,0
2160,850,9,4,15.9,8.7,0.15
2161,851,6,5,11.9,7.0,0
2162,851,4,2,5.5,3.7,0.15
2163,851,9,2,15.9,8.7,0.1
2164,852,1,2,18.9,10.2,0
2165,852,2,2,27.5,18.3,0
2166,852,8,2,16.9,9.8,0
2167,852,10,2,19.9,11.3,0.1
2168,853,7,4,3.9,2.0,0
2169,854,3,5,9.9,6.1,0.05
2170,854,4,2,5.5,3.7,0
2171,854,5,4,8.5,5.2,0
2172,854,10,3,19.9,11.3,0.05
2173,855,9,4,15.9,8.7,0
2174,855,7,4,3.9,2.0,0.05
2175,855,3,1,9.9,6.1,0
2176,855,10,5,19.9,11.3,0.1
2177,856,7,4,3.9,2.0,0
2178,856,8,4,16.9,9.8,0.1
2179,856,5,5,8.5,5.2,0.05
2180,857,4,1,5.5,3.7,0.1
2181,857,3,3,9.9,6.1,0.05
2182,857,10,4,19.9,11.3,0.05
2183,857,1,4,18.9,10.2,0.15
2184,858,7,1,3.9,2.0,0
2185,859,5,3,8.5,5.2,0.15
2186,859,6,1,11.9,7.0,0.15
2187,859,8,4,16.9,9.8,0.05
2188,859,9,2,15.9,8.7,0
2189,860,1,5,18.9,10.2,0.05
2190,860,3,2,9.9,6.1,0
2191,860,5,2,8.5,5.2,0.1
2192,861,2,1,27.5,18.3,0.15
2193,862,9,2,15.9,8.7,0.05
2194,863,9,5,15.9,8.7,0
2195,863,10,4,19.9,11.3,0.15
2196,863,7,1,3.9,2.0,0
2197,864,3,4,9.9,6.1,0.15
2198,864,5,3,8.5,5.2,0
2199,864,4,2,5.5,3.7,0.05
2200,865,9,4,15.9,8.7,0
2201,865,7,2,3.9,2.0,0
2202,865,5,2,8.5,5.2,0.15
2203,865,6,2,11.9,7.0,0
2204,866,8,5,16.9,9.8,0
2205,867,4,4,5.5,3.7,0.05
2206,867,5,5,8.5,5.2,0
2207,868,7,1,3.9,2.0,0
2208,869,8,1,16.9,9.8,0
2209,869,10,1,19.9,11.3,0
2210,870,2,2,27.5,18.3,0.1
2211,871,8,5,16.9,9.8,0.05
2212,871,10,3,19.9,11.3,0
2213,871,6,3,11.9,7.0,0
2214,872,10,3,19.9,11.3,0
2215,872,1,1,18.9,10.2,0.05
2216,872,6,4,11.9,7.0,0.15
2217,872,7,2,3.9,2.0,0
2218,873,4,5,5.5,3.7,0.15
2219,873,6,4,11.9,7.0,0.1
2220,873,8,4,16.9,9.8,0.15
2221,874,1,3,18.9,10.2,0.15
2222,874,6,4,11.9,7.0,0
2223,874,10,5,19.9,11.3,0.05
2224,875,6,4,11.9,7.0,0.05
2225,876,5,5,8.5,5.2,0.1
2226,876,4,5,5.5,3.7,0
2227,876,3,2,9.9,6.1,0.05
2228,876,7,1,3.9,2.0,0
2229,877,3,5,9.9,6.1,0
2230,877,8,2,16.9,9.8,0
2231,877,2,2,27.5,18.3,0.15
2232,877,4,1,5.5,3.7,0
2233,878,7,3,3.9,2.0,0.15
2234,878,5,4,8.5,5.2,0.15
2235,878,4,1,5.5,3.7,0.15
2236,879,2,5,27.5,18.3,0
2237,879,6,3,11.9,7.0,0.05
2238,879,4,4,5.5,3.7,0.15
2239,879,5,5,8.5,5.2,0.05
2240,880,2,3,27.5,18.3,0.15
2241,880,10,5,19.9,11.3,0
2242,880,9,1,15.9,8.7,0.1
2243,881,10,5,19.9,11.3,0.1
2244,881,1,2,18.9,10.2,0.05
2245,881,5,4,8.5,5.2,0
2246,881,9,3,15.9,8.7,0.15
2247,882,2,1,27.5,18.3,0.1
2248,882,7,4,3.9,2.0,0
2249,883,8,1,16.9,9.8,0.1
2250,883,3,3,9.9,6.1,0
2251,883,5,5,8.5,5.2,0.15
2252,883,2,1,27.5,18.3,0
2253,884,8,4,16.9,9.8,0
2254,884,5,3,8.5,5.2,0
2255,885,1,4,18.9,10.2,0.15
2256,885,3,4,9.9,6.1,0
2257,886,6,4,11.9,7.0,0.05
2258,886,7,1,3.9,2.0,0.1
2259,886,8,3,16.9,9.8,0
2260,886,3,2,9.9,6.1,0.15
2261,887,10,4,19.9,11.3,0.15
2262,887,1,2,18.9,10.2,0.1
2263,887,5,2,8.5,5.2,0.05
2264,888,4,2,5.5,3.7,0.15
2265,888,10,1,19.9,11.3,0
2266,889,7,2,3.9,2.0,0
2267,889,10,1,19.9,11.3,0
2268,890,9,3,15.9,8.7,0.1
2269,891,4,4,5.5,3.7,0.05
2270,891,1,3,18.9,10.2,0.15
2271,891,2,5,27.5,18.3,0
2272,891,8,4,16.9,9.8,0.15
2273,892,7,1,3.9,2.0,0
2274,892,5,1,8.5,5.2,0
2275,892,8,1,16.9,9.8,0.05
2276,892,3,5,9.9,6.1,0
2277,893,5,4,8.5,5.2,0.15
2278,893,2,4,27.5,18.3,0
2279,893,3,5,9.9,6.1,0
2280,893,4,1,5.5,3.7,0
2281,894,7,4,3.9,2.0,0.1
2282,894,1,5,18.9,10.2,0.1
2283,895,4,1,5.5,3.7,0
2284,896,6,5,11.9,7.0,0
2285,896,2,2,27.5,18.3,0
2286,896,1,5,18.9,10.2,0
2287,896,9,1,15.9,8.7,0
2288,897,7,2,3.9,2.0,0
2289,897,1,1,18.9,10.2,0.1
2290,898,10,3,19.9,11.3,0.1
2291,898,8,3,16.9,9.8,0.1
2292,899,1,2,18.9,10.2,0
2293,900,3,2,9.9,6.1,0.1
2294,900,9,3,15.9,8.7,0
2295,901,9,3,15.9,8.7,0
2296,902,8,4,16.9,9.8,0.15
2297,902,2,2,27.5,18.3,0.1
2298,902,5,2,8.5,5.2,0
2299,902,6,3,11.9,7.0,0.15
2300,903,10,4,19.9,11.3,0
2301,903,9,3,15.9,8.7,0.05
2302,903,3,4,9.9,6.1,0
2303,904,9,1,15.9,8.7,0.15
2304,905,6,3,11.9,7.0,0
2305,906,7,2,3.9,2.0,0.05
2306,907,10,5,19.9,11.3,0
2307,907,8,5,16.9,9.8,0
2308,907,2,5,27.5,18.3,0
2309,908,6,2,11.9,7.0,0
2310,908,7,5,3.9,2.0,0.1
2311,909,5,5,8.5,5.2,0.15
2312,909,1,2,18.9,10.2,0.15
2313,910,1,5,18.9,10.2,0.05
2314,910,6,4,11.9,7.0,0
2315,910,4,4,5.5,3.7,0
2316,911,9,1,15.9,8.7,0
2317,911,4,4,5.5,3.7,0
2318,911,5,1,8.5,5.2,0.15
2319,911,6,1,11.9,7.0,0
2320,912,2,3,27.5,18.3,0.1
2321,913,9,5,15.9,8.7,0.15
2322,913,3,5,9.9,6.1,0.15
2323,913,8,1,16.9,9.8,0.05
2324,913,4,1,5.5,3.7,0.1
2325,914,9,5,15.9,8.7,0.15
2326,914,6,5,11.9,7.0,0
2327,914,4,5,5.5,3.7,0.05
2328,914,10,2,19.9,11.3,0.15
2329,915,3,1,9.9,6.1,0.05
2330,915,9,4,15.9,8.7,0.05
2331,915,6,2,11.9,7.0,0
2332,916,9,3,15.9,8.7,0
2333,916,2,4,27.5,18.3,0
2334,917,4,5,5.5,3.7,0.05
2335,917,5,1,8.5,5.2,0
2336,917,1,1,18.9,10.2,0.1
2337,917,10,4,19.9,11.3,0
2338,918,3,1,9.9,6.1,0
2339,918,7,4,3.9,2.0,0.05
2340,918,6,2,11.9,7.0,0
2341,919,2,3,27.5,18.3,0
2342,919,8,4,16.9,9.8,0.05
2343,919,1,3,18.9,10.2,0
2344,919,10,3,19.9,11.3,0.05
2345,920,8,4,16.9,9.8,0
2346,921,6,2,11.9,7.0,0
2347,922,7,2,3.9,2.0,0.05
2348,922,6,3,11.9,7.0,0
2349,922,1,4,18.9,10.2,0.05
2350,922,2,5,27.5,18.3,0.05
2351,923,9,1,15.9,8.7,0
2352,923,7,2,3.9,2.0,0
2353,923,3,3,9.9,6.1,0.1
2354,923,1,1,18.9,10.2,0.15
2355,924,7,4,3.9,2.0,0
2356,924,1,3,18.9,10.2,0.05
2357,924,10,1,19.9,11.3,0.05
2358,925,4,1,5.5,3.7,0
2359,925,5,2,8.5,5.2,0.15
2360,926,9,5,15.9,8.7,0
2361,927,4,2,5.5,3.7,0.05
2362,927,2,1,27.5,18.3,0
2363,928,2,4,27.5,18.3,0.05
2364,928,1,5,18.9,10.2,0
2365,929,6,4,11.9,7.0,0
2366,929,7,5,3.9,2.0,0.05
2367,930,6,4,11.9,7.0,0
2368,930,5,3,8.5,5.2,0
2369,930,10,2,19.9,11.3,0
2370,931,4,3,5.5,3.7,0.1
2371,931,5,1,8.5,5.2,0.05
2372,931,8,2,16.9,9.8,0
2373,932,2,1,27.5,18.3,0.15
2374,933,10,2,19.9,11.3,0.15
2375,933,9,3,15.9,8.7,0
2376,933,6,5,11.9,7.0,0.05
2377,934,1,5,18.9,10.2,0.15
2378,935,2,5,27.5,18.3,0.1
2379,936,9,1,15.9,8.7,0
2380,936,3,2,9.9,6.1,0.05
2381,937,6,4,11.9,7.0,0
2382,937,8,4,16.9,9.8,0.05
2383,937,2,5,27.5,18.3,0.1
2384,938,5,5,8.5,5.2,0
2385,938,1,2,18.9,10.2,0.15
2386,939,3,4,9.9,6.1,0.1
2387,940,10,1,19.9,11.3,0
2388,940,5,5,8.5,5.2,0
2389,940,4,5,5.5,3.7,0.15
2390,940,2,1,27.5,18.3,0.1
2391,941,5,3,8.5,5.2,0.1
2392,941,4,1,5.5,3.7,0
2393,941,10,2,19.9,11.3,0
2394,942,5,3,8.5,5.2,0
2395,942,3,2,9.9,6.1,0
2396,943,10,1,19.9,11.3,0.15
2397,943,6,5,11.9,7.0,0
2398,943,9,2,15.9,8.7,0.05
2399,944,1,3,18.9,10.2,0
2400,945,9,5,15.9,8.7,0
2401,946,10,4,19.9,11.3,0
2402,946,9,3,15.9,8.7,0
2403,946,4,2,5.5,3.7,0.1
2404,947,7,2,3.9,2.0,0.05
2405,947,6,1,11.9,7.0,0.05
2406,948,4,2,5.5,3.7,0.15
2407,948,8,3,16.9,9.8,0
2408,949,10,1,19.9,11.3,0.05
2409,949,4,2,5.5,3.7,0.05
2410,949,2,4,27.5,18.3,0
2411,949,8,5,16.9,9.8,0
2412,950,1,1,18.9,10.2,0
2413,950,2,2,27.5,18.3,0
2414,950,10,3,19.9,11.3,0
2415,950,7,5,3.9,2.0,0
2416,951,2,4,27.5,18.3,0.1
2417,951,4,4,5.5,3.7,0
2418,951,3,3,9.9,6.1,0
2419,952,9,1,15.9,8.7,0
2420,952,2,5,27.5,18.3,0
2421,952,1,1,18.9,10.2,0.1
2422,953,1,4,18.9,10.2,0.05
2423,953,4,2,5.5,3.7,0
2424,954,2,2,27.5,18.3,0
2425,954,8,3,16.9,9.8,0
2426,954,3,1,9.9,6.1,0.1
2427,954,1,3,18.9,10.2,0
2428,955,3,5,9.9,6.1,0
2429,955,7,5,3.9,2.0,0
2430,956,10,1,19.9,11.3,0
2431,956,5,4,8.5,5.2,0.15
2432,956,6,3,11.9,7.0,0
2433,957,3,2,9.9,6.1,0.05
2434,957,6,4,11.9,7.0,0.15
2435,958,5,2,8.5,5.2,0
2436,958,3,4,9.9,6.1,0
2437,958,2,3,27.5,18.3,0.05
2438,958,9,4,15.9,8.7,0.05
2439,959,3,4,9.9,6.1,0.1
2440,959,4,4,5.5,3.7,0.1
2441,959,7,5,3.9,2.0,0.05
2442,960,2,1,27.5,18.3,0
2443,960,7,3,3.9,2.0,0
2444,960,4,2,5.5,3.7,0
2445,960,6,3,11.9,7.0,0.1
2446,961,6,3,11.9,7.0,0
2447,962,4,2,5.5,3.7,0
2448,962,10,2,19.9,11.3,0.05
2449,962,9,1,15.9,8.7,0.15
2450,962,1,4,18.9,10.2,0
2451,963,8,5,16.9,9.8,0
2452,964,4,1,5.5,3.7,0
2453,965,8,5,16.9,9.8,0.15
2454,965,3,3,9.9,6.1,0.05
2455,966,5,1,8.5,5.2,0
2456,967,9,1,15.9,8.7,0.05
2457,967,3,4,9.9,6.1,0.15
2458,968,10,2,19.9,11.3,0.05
2459,968,9,2,15.9,8.7,0
2460,968,5,1,8.5,5.2,0.1
2461,969,10,2,19.9,11.3,0.15
2462,969,1,5,18.9,10.2,0.1
2463,969,4,1,5.5,3.7,0.15
2464,969,8,4,16.9,9.8,0.05
2465,970,3,4,9.9,6.1,0
2466,970,1,3,18.9,10.2,0
2467,970,6,1,11.9,7.0,0
2468,970,8,3,16.9,9.8,0.1
2469,971,9,1,15.9,8.7,0
2470,971,2,5,27.5,18.3,0
2471,972,4,3,5.5,3.7,0
2472,973,1,3,18.9,10.2,0
2473,973,10,3,19.9,11.3,0
2474,973,6,4,11.9,7.0,0.1
2475,973,9,2,15.9,8.7,0
2476,974,2,4,27.5,18.3,0.15
2477,974,6,5,11.9,7.0,0
2478,975,8,2,16.9,9.8,0.15
2479,975,1,4,18.9,10.2,0
2480,975,5,1,8.5,5.2,0.15
2481,975,2,2,27.5,18.3,0
2482,976,9,5,15.9,8.7,0.15
2483,976,10,5,19.9,11.3,0
2484,977,10,4,19.9,11.3,0
2485,977,7,2,3.9,2.0,0.1
2486,977,1,5,18.9,10.2,0
2487,978,2,3,27.5,18.3,0.1
2488,978,1,1,18.9,10.2,0.05
2489,978,3,1,9.9,6.1,0.05
2490,978,7,3,3.9,2.0,0
2491,979,6,2,11.9,7.0,0.15
2492,979,2,4,27.5,18.3,0
2493,979,9,4,15.9,8.7,0
2494,980,10,4,19.9,11.3,0
2495,981,8,5,16.9,9.8,0.1
2496,981,6,3,11.9,7.0,0
2497,982,5,2,8.5,5.2,0.15
2498,982,1,5,18.9,10.2,0
2499,982,9,2,15.9,8.7,0
2500,982,6,3,11.9,7.0,0.05
2501,983,4,4,5.5,3.7,0.05
2502,984,9,2,15.9,8.7,0.15
2503,984,8,1,16.9,9.8,0.05
2504,984,2,4,27.5,18.3,0
2505,984,1,4,18.9,10.2,0
2506,985,4,4,5.5,3.7,0
2507,985,8,5,16.9,9.8,0
2508,985,2,4,27.5,18.3,0
2509,985,3,2,9.9,6.1,0
2510,986,1,2,18.9,10.2,0
2511,986,6,2,11.9,7.0,0
2512,986,7,4,3.9,2.0,0
2513,986,4,3,5.5,3.7,0.15
2514,987,7,4,3.9,2.0,0.05
2515,987,2,5,27.5,18.3,0
2516,987,5,3,8.5,5.2,0
2517,988,6,3,11.9,7.0,0.05
2518,988,5,4,8.5,5.2,0.05
2519,988,3,5,9.9,6.1,0.15
2520,988,2,2,27.5,18.3,0.15
2521,989,1,5,18.9,10.2,0.1
2522,989,9,2,15.9,8.7,0
2523,989,4,3,5.5,3.7,0
2524,989,10,2,19.9,11.3,0.05
2525,990,7,3,3.9,2.0,0.1
2526,991,8,1,16.9,9.8,0
2527,991,2,2,27.5,18.3,0.05
2528,992,4,5,5.5,3.7,0
2529,992,6,3,11.9,7.0,0
2530,992,10,1,19.9,11.3,0
2531,992,2,3,27.5,18.3,0.1
2532,993,7,5,3.9,2.0,0.05
2533,993,10,5,19.9,11.3,0
2534,993,6,1,11.9,7.0,0
2535,993,3,4,9.9,6.1,0.05
2536,994,9,4,15.9,8.7,0
2537,994,7,4,3.9,2.0,0.15
2538,995,2,1,27.5,18.3,0
2539,996,2,4,27.5,18.3,0.1
2540,996,8,5,16.9,9.8,0
2541,996,10,3,19.9,11.3,0.05
2542,996,6,2,11.9,7.0,0
2543,997,8,3,16.9,9.8,0.05
2544,997,2,4,27.5,18.3,0.15
2545,998,4,3,5.5,3.7,0.15
2546,998,9,3,15.9,8.7,0
2547,998,5,4,8.5,5.2,0.15
2548,999,1,3,18.9,10.2,0.1
2549,999,10,5,19.9,11.3,0
2550,999,9,3,15.9,8.7,0
2551,999,2,5,27.5,18.3,0.05
2552,1000,10,1,19.9,11.3,0.1
2553,1000,7,4,3.9,2.0,0
2554,1001,7,5,3.9,2.0,0
2555,1001,6,4,11.9,7.0,0
2556,1002,10,4,19.9,11.3,0.15
2557,1003,4,1,5.5,3.7,0.05
2558,1003,2,1,27.5,18.3,0.15
2559,1003,9,5,15.9,8.7,0
2560,1004,10,4,19.9,11.3,0
2561,1005,3,3,9.9,6.1,0
2562,1005,4,5,5.5,3.7,0
2563,1005,9,4,15.9,8.7,0
2564,1006,1,1,18.9,10.2,0.05
2565,1006,2,5,27.5,18.3,0
2566,1007,2,4,27.5,18.3,0
2567,1007,10,2,19.9,11.3,0.05
2568,1008,2,4,27.5,18.3,0.05
2569,1008,8,3,16.9,9.8,0.15
2570,1008,10,4,19.9,11.3,0
2571,1008,9,2,15.9,8.7,0
2572,1009,2,3,27.5,18.3,0
2573,1010,3,5,9.9,6.1,0.15
2574,1011,9,1,15.9,8.7,0.1
2575,1012,2,3,27.5,18.3,0
2576,1012,4,2,5.5,3.7,0
2577,1012,1,2,18.9,10.2,0
2578,1013,6,5,11.9,7.0,0.15
2579,1014,7,3,3.9,2.0,0
2580,1014,9,2,15.9,8.7,0.15
2581,1014,10,3,19.9,11.3,0.05
2582,1014,2,1,27.5,18.3,0.1
2583,1015,8,4,16.9,9.8,0.05
2584,1015,7,5,3.9,2.0,0.15
2585,1016,7,1,3.9,2.0,0.05
2586,1016,4,2,5.5,3.7,0
2587,1016,6,5,11.9,7.0,0
2588,1016,3,5,9.9,6.1,0.05
2589,1017,7,2,3.9,2.0,0
2590,1017,1,4,18.9,10.2,0
2591,1017,2,3,27.5,18.3,0
2592,1018,3,1,9.9,6.1,0
2593,1018,6,1,11.9,7.0,0.15
2594,1018,2,3,27.5,18.3,0
2595,1019,9,4,15.9,8.7,0
2596,1019,2,5,27.5,18.3,0
2597,1020,10,4,19.9,11.3,0
2598,1020,2,3,27.5,18.3,0
2599,1020,7,2,3.9,2.0,0
2600,1021,7,4,3.9,2.0,0
2601,1021,2,5,27.5,18.3,0
2602,1021,9,5,15.9,8.7,0.05
2603,1022,10,1,19.9,11.3,0.05
2604,1023,1,1,18.9,10.2,0
2605,1023,9,4,15.9,8.7,0
2606,1023,10,4,19.9,11.3,0.15
2607,1023,3,3,9.9,6.1,0
2608,1024,8,3,16.9,9.8,0.15
2609,1024,1,4,18.9,10.2,0.05
2610,1024,7,1,3.9,2.0,0
2611,1025,1,2,18.9,10.2,0
2612,1026,3,2,9.9,6.1,0.15
2613,1026,2,3,27.5,18.3,0.1
2614,1027,1,3,18.9,10.2,0
2615,1027,2,3,27.5,18.3,0
2616,1027,10,5,19.9,11.3,0.05
2617,1028,10,1,19.9,11.3,0
2618,1028,8,3,16.9,9.8,0
2619,1029,9,5,15.9,8.7,0
2620,1030,6,1,11.9,7.0,0
2621,1030,8,3,16.9,9.8,0.15
2622,1030,4,1,5.5,3.7,0
2623,1031,2,4,27.5,18.3,0
2624,1031,10,2,19.9,11.3,0
2625,1032,4,2,5.5,3.7,0.1
2626,1032,8,5,16.9,9.8,0.1
2627,1032,2,3,27.5,18.3,0
2628,1032,3,4,9.9,6.1,0.15
2629,1033,4,4,5.5,3.7,0.05
2630,1033,6,5,11.9,7.0,0.1
2631,1034,7,5,3.9,2.0,0.15
2632,1034,3,1,9.9,6.1,0
2633,1034,5,4,8.5,5.2,0
2634,1035,3,5,9.9,6.1,0.05
2635,1035,5,3,8.5,5.2,0
2636,1035,1,1,18.9,10.2,0.1
2637,1035,4,1,5.5,3.7,0
2638,1036,9,3,15.9,8.7,0
2639,1036,6,1,11.9,7.0,0
2640,1036,1,4,18.9,10.2,0.15
2641,1036,4,4,5.5,3.7,0
2642,1037,9,1,15.9,8.7,0.15
2643,1037,8,1,16.9,9.8,0.15
2644,1037,7,2,3.9,2.0,0
2645,1038,10,3,19.9,11.3,0
2646,1039,10,4,19.9,11.3,0.05
2647,1039,7,1,3.9,2.0,0
2648,1040,4,3,5.5,3.7,0.15
2649,1040,6,5,11.9,7.0,0
2650,1041,5,1,8.5,5.2,0
2651,1041,4,2,5.5,3.7,0
2652,1041,3,4,9.9,6.1,0
2653,1041,8,1,16.9,9.8,0.15
2654,1042,5,2,8.5,5.2,0.15
2655,1042,2,1,27.5,18.3,0.1
2656,1043,4,1,5.5,3.7,0.1
2657,1043,8,3,16.9,9.8,0
2658,1043,2,5,27.5,18.3,0.1
2659,1043,1,2,18.9,10.2,0
2660,1044,8,5,16.9,9.8,0
2661,1044,10,4,19.9,11.3,0
2662,1044,6,3,11.9,7.0,0.05
2663,1045,9,3,15.9,8.7,0.15
2664,1045,8,5,16.9,9.8,0.15
2665,1045,2,1,27.5,18.3,0
2666,1046,6,1,11.9,7.0,0
2667,1046,8,5,16.9,9.8,0.15
2668,1047,4,4,5.5,3.7,0.15
2669,1048,9,3,15.9,8.7,0
2670,1048,3,4,9.9,6.1,0.1
2671,1048,5,4,8.5,5.2,0
2672,1048,6,3,11.9,7.0,0
2673,1049,10,4,19.9,11.3,0.1
2674,1049,2,3,27.5,18.3,0
2675,1049,7,1,3.9,2.0,0
2676,1050,9,5,15.9,8.7,0.1
2677,1050,5,2,8.5,5.2,0
2678,1051,1,2,18.9,10.2,0
2679,1051,8,5,16.9,9.8,0
2680,1051,10,1,19.9,11.3,0.05
2681,1052,1,3,18.9,10.2,0
2682,1053,2,2,27.5,18.3,0.15
2683,1053,5,2,8.5,5.2,0.05
2684,1054,8,3,16.9,9.8,0
2685,1055,2,3,27.5,18.3,0
2686,1055,5,5,8.5,5.2,0.05
2687,1055,9,3,15.9,8.7,0.1
2688,1055,8,2,16.9,9.8,0.15
2689,1056,5,1,8.5,5.2,0
2690,1056,10,5,19.9,11.3,0.15
2691,1057,2,3,27.5,18.3,0.1
2692,1057,3,3,9.9,6.1,0.05
2693,1057,8,3,16.9,9.8,0.05
2694,1057,6,4,11.9,7.0,0.05
2695,1058,7,1,3.9,2.0,0
2696,1059,3,1,9.9,6.1,0.05
2697,1059,9,2,15.9,8.7,0.05
2698,1059,5,1,8.5,5.2,0.05
2699,1060,1,3,18.9,10.2,0.15
2700,1061,10,1,19.9,11.3,0
2701,1061,8,5,16.9,9.8,0.15
2702,1061,6,5,11.9,7.0,0.15
2703,1062,9,2,15.9,8.7,0
2704,1062,8,2,16.9,9.8,0
2705,1063,8,5,16.9,9.8,0.15
2706,1064,10,5,19.9,11.3,0
2707,1064,2,2,27.5,18.3,0
2708,1065,7,4,3.9,2.0,0.05
2709,1065,1,2,18.9,10.2,0
2710,1065,2,5,27.5,18.3,0
2711,1065,3,5,9.9,6.1,0.15
2712,1066,3,2,9.9,6.1,0
2713,1066,1,5,18.9,10.2,0.15
2714,1066,10,5,19.9,11.3,0
2715,1066,2,4,27.5,18.3,0.05
2716,1067,6,1,11.9,7.0,0.05
2717,1067,5,4,8.5,5.2,0.05
2718,1067,7,2,3.9,2.0,0
2719,1067,4,3,5.5,3.7,0.05
2720,1068,1,3,18.9,10.2,0
2721,1068,8,4,16.9,9.8,0.15
2722,1068,10,4,19.9,11.3,0
2723,1069,6,4,11.9,7.0,0.1
2724,1069,9,1,15.9,8.7,0
2725,1070,8,3,16.9,9.8,0.05
2726,1070,3,1,9.9,6.1,0.15
2727,1070,5,4,8.5,5.2,0.05
2728,1071,3,5,9.9,6.1,0.1
2729,1071,6,4,11.9,7.0,0
2730,1071,9,1,15.9,8.7,0
2731,1072,8,4,16.9,9.8,0
2732,1073,3,4,9.9,6.1,0.05
2733,1074,1,1,18.9,10.2,0.05
2734,1075,3,3,9.9,6.1,0
2735,1076,4,4,5.5,3.7,0.05
2736,1076,5,3,8.5,5.2,0
2737,1077,2,1,27.5,18.3,0
2738,1077,1,1,18.9,10.2,0
2739,1078,6,2,11.9,7.0,0.15
2740,1079,10,5,19.9,11.3,0
2741,1079,8,3,16.9,9.8,0.1
2742,1080,7,1,3.9,2.0,0
2743,1080,10,5,19.9,11.3,0
2744,1080,2,1,27.5,18.3,0
2745,1080,5,4,8.5,5.2,0
2746,1081,4,3,5.5,3.7,0
2747,1082,5,5,8.5,5.2,0.1
2748,1082,2,2,27.5,18.3,0.1
2749,1083,9,1,15.9,8.7,0.1
2750,1084,6,4,11.9,7.0,0
2751,1085,3,2,9.9,6.1,0.1
2752,1086,4,4,5.5,3.7,0
2753,1087,6,1,11.9,7.0,0.05
2754,1088,9,4,15.9,8.7,0
2755,1089,8,5,16.9,9.8,0
2756,1090,4,1,5.5,3.7,0
2757,1090,1,5,18.9,10.2,0.1
2758,1090,9,4,15.9,8.7,0.15
2759,1091,1,2,18.9,10.2,0.05
2760,1091,7,4,3.9,2.0,0.1
2761,1091,9,2,15.9,8.7,0
2762,1091,6,4,11.9,7.0,0
2763,1092,7,2,3.9,2.0,0
2764,1092,1,5,18.9,10.2,0
2765,1092,4,2,5.5,3.7,0.05
2766,1093,4,1,5.5,3.7,0
2767,1094,1,5,18.9,10.2,0.15
2768,1094,6,2,11.9,7.0,0
2769,1094,9,2,15.9,8.7,0.1
2770,1095,2,3,27.5,18.3,0.1
2771,1096,4,3,5.5,3.7,0.1
2772,1096,8,3,16.9,9.8,0.15
2773,1096,5,2,8.5,5.2,0.1
2774,1097,1,3,18.9,10.2,0.05
2775,1098,4,2,5.5,3.7,0.1
2776,1099,2,2,27.5,18.3,0
2777,1099,6,2,11.9,7.0,0.15
2778,1100,1,4,18.9,10.2,0
2779,1101,2,5,27.5,18.3,0.05
2780,1101,1,4,18.9,10.2,0
2781,1101,5,4,8.5,5.2,0.05
2782,1102,3,3,9.9,6.1,0
2783,1102,7,5,3.9,2.0,0
2784,1102,1,1,18.9,10.2,0.1
2785,1102,6,3,11.9,7.0,0
2786,1103,10,1,19.9,11.3,0
2787,1103,7,5,3.9,2.0,0.05
2788,1103,9,3,15.9,8.7,0.1
2789,1104,3,2,9.9,6.1,0
2790,1104,7,1,3.9,2.0,0
2791,1104,8,3,16.9,9.8,0
2792,1105,1,3,18.9,10.2,0.15
2793,1105,5,5,8.5,5.2,0
2794,1105,6,1,11.9,7.0,0
2795,1105,3,5,9.9,6.1,0.15
2796,1106,8,4,16.9,9.8,0
2797,1106,1,3,18.9,10.2,0.05
2798,1106,10,5,19.9,11.3,0
2799,1106,9,4,15.9,8.7,0
2800,1107,2,3,27.5,18.3,0
2801,1107,8,3,16.9,9.8,0.05
2802,1107,3,2,9.9,6.1,0
2803,1108,4,1,5.5,3.7,0.15
2804,1109,10,2,19.9,11.3,0
2805,1109,6,3,11.9,7.0,0
2806,1109,1,1,18.9,10.2,0.15
2807,1109,5,3,8.5,5.2,0.1
2808,1110,2,5,27.5,18.3,0.05
2809,1111,6,4,11.9,7.0,0
2810,1111,10,4,19.9,11.3,0
2811,1112,6,4,11.9,7.0,0
2812,1112,7,5,3.9,2.0,0
2813,1112,10,2,19.9,11.3,0
2814,1113,2,5,27.5,18.3,0
2815,1114,4,2,5.5,3.7,0.05
2816,1114,7,1,3.9,2.0,0
2817,1114,1,2,18.9,10.2,0.1
2818,1115,9,4,15.9,8.7,0.15
2819,1115,2,5,27.5,18.3,0.1
2820,1115,1,4,18.9,10.2,0
2821,1115,5,3,8.5,5.2,0
2822,1116,4,4,5.5,3.7,0
2823,1116,6,1,11.9,7.0,0.15
2824,1116,10,2,19.9,11.3,0.05
2825,1117,6,4,11.9,7.0,0.1
2826,1118,10,5,19.9,11.3,0
2827,1118,3,4,9.9,6.1,0.15
2828,1119,5,1,8.5,5.2,0
2829,1119,6,4,11.9,7.0,0.05
2830,1119,9,5,15.9,8.7,0
2831,1120,3,1,9.9,6.1,0
2832,1120,8,1,16.9,9.8,0.05
2833,1121,2,4,27.5,18.3,0
2834,1121,3,2,9.9,6.1,0
2835,1121,1,2,18.9,10.2,0.1
2836,1121,7,5,3.9,2.0,0.05
2837,1122,5,3,8.5,5.2,0
2838,1122,2,5,27.5,18.3,0.1
2839,1123,2,3,27.5,18.3,0.05
2840,1124,5,2,8.5,5.2,0.15
2841,1124,8,5,16.9,9.8,0.1
2842,1124,3,1,9.9,6.1,0
2843,1124,6,1,11.9,7.0,0.1
2844,1125,7,5,3.9,2.0,0.15
2845,1125,6,5,11.9,7.0,0
2846,1125,8,1,16.9,9.8,0
2847,1125,2,3,27.5,18.3,0.05
2848,1126,5,2,8.5,5.2,0
2849,1126,6,1,11.9,7.0,0.15
2850,1126,7,2,3.9,2.0,0.05
2851,1126,3,5,9.9,6.1,0
2852,1127,5,3,8.5,5.2,0
2853,1127,3,4,9.9,6.1,0.05
2854,1127,2,2,27.5,18.3,0
2855,1128,4,3,5.5,3.7,0
2856,1129,1,5,18.9,10.2,0.1
2857,1129,10,2,19.9,11.3,0
2858,1130,10,5,19.9,11.3,0
2859,1130,7,4,3.9,2.0,0
2860,1130,8,1,16.9,9.8,0.15
2861,1131,8,2,16.9,9.8,0
2862,1131,5,1,8.5,5.2,0
2863,1131,2,1,27.5,18.3,0.15
2864,1131,7,2,3.9,2.0,0.15
2865,1132,5,3,8.5,5.2,0
2866,1132,8,4,16.9,9.8,0
2867,1132,2,5,27.5,18.3,0
2868,1133,1,2,18.9,10.2,0
2869,1134,4,4,5.5,3.7,0
2870,1134,5,4,8.5,5.2,0
2871,1135,9,2,15.9,8.7,0
2872,1136,3,4,9.9,6.1,0.15
2873,1136,1,3,18.9,10.2,0.1
2874,1137,8,3,16.9,9.8,0
2875,1137,9,3,15.9,8.7,0.15
2876,1137,3,4,9.9,6.1,0.05
2877,1138,5,3,8.5,5.2,0.05
2878,1138,2,4,27.5,18.3,0
2879,1138,4,2,5.5,3.7,0.15
2880,1138,1,4,18.9,10.2,0
2881,1139,6,4,11.9,7.0,0.15
2882,1140,10,3,19.9,11.3,0
2883,1140,7,5,3.9,2.0,0
2884,1140,4,4,5.5,3.7,0
2885,1140,1,5,18.9,10.2,0
2886,1141,8,1,16.9,9.8,0
2887,1141,7,4,3.9,2.0,0.15
2888,1141,9,2,15.9,8.7,0
2889,1141,3,1,9.9,6.1,0
2890,1142,9,1,15.9,8.7,0.1
2891,1142,4,5,5.5,3.7,0
2892,1143,7,1,3.9,2.0,0.15
2893,1144,1,5,18.9,10.2,0
2894,1145,9,2,15.9,8.7,0
2895,1145,7,2,3.9,2.0,0
2896,1146,1,1,18.9,10.2,0.1
2897,1146,10,1,19.9,11.3,0.1
2898,1147,5,2,8.5,5.2,0
2899,1147,1,3,18.9,10.2,0.15
2900,1147,4,1,5.5,3.7,0.05
2901,1148,2,5,27.5,18.3,0.15
2902,1148,10,4,19.9,11.3,0
2903,1148,9,1,15.9,8.7,0.15
2904,1149,10,4,19.9,11.3,0
2905,1150,9,4,15.9,8.7,0
2906,1150,1,1,18.9,10.2,0
2907,1150,5,5,8.5,5.2,0.05
2908,1150,3,4,9.9,6.1,0
2909,1151,9,5,15.9,8.7,0.1
2910,1151,5,2,8.5,5.2,0.05
2911,1151,8,1,16.9,9.8,0.05
2912,1151,3,4,9.9,6.1,0
2913,1152,10,4,19.9,11.3,0
2914,1152,1,4,18.9,10.2,0
2915,1153,6,1,11.9,7.0,0.1
2916,1153,3,2,9.9,6.1,0
2917,1153,2,4,27.5,18.3,0.1
2918,1154,9,4,15.9,8.7,0
2919,1154,4,4,5.5,3.7,0
2920,1154,1,3,18.9,10.2,0
2921,1154,7,1,3.9,2.0,0
2922,1155,5,2,8.5,5.2,0.1
2923,1156,6,4,11.9,7.0,0.1
2924,1156,8,5,16.9,9.8,0.15
2925,1157,7,2,3.9,2.0,0
2926,1158,4,1,5.5,3.7,0
2927,1158,8,4,16.9,9.8,0.05
2928,1159,3,1,9.9,6.1,0
2929,1159,9,1,15.9,8.7,0.05
2930,1159,7,3,3.9,2.0,0.15
2931,1159,4,3,5.5,3.7,0.1
2932,1160,3,5,9.9,6.1,0.15
2933,1160,5,2,8.5,5.2,0.1
2934,1161,8,2,16.9,9.8,0
2935,1161,4,5,5.5,3.7,0.15
2936,1161,6,4,11.9,7.0,0
2937,1161,10,3,19.9,11.3,0.05
2938,1162,5,2,8.5,5.2,0
2939,1163,2,5,27.5,18.3,0
2940,1163,1,1,18.9,10.2,0
2941,1163,8,5,16.9,9.8,0
2942,1164,5,4,8.5,5.2,0.1
2943,1164,10,3,19.9,11.3,0
2944,1165,2,1,27.5,18.3,0.15
2945,1165,3,2,9.9,6.1,0
2946,1166,9,3,15.9,8.7,0.1
2947,1166,7,5,3.9,2.0,0.1
2948,1167,4,2,5.5,3.7,0
2949,1167,3,1,9.9,6.1,0.1
2950,1167,1,2,18.9,10.2,0
2951,1167,7,2,3.9,2.0,0.05
2952,1168,3,5,9.9,6.1,0.05
2953,1169,9,5,15.9,8.7,0.05
2954,1169,2,4,27.5,18.3,0.05
2955,1169,4,4,5.5,3.7,0
2956,1170,10,2,19.9,11.3,0
2957,1171,9,3,15.9,8.7,0.15
2958,1171,8,1,16.9,9.8,0.1
2959,1171,10,4,19.9,11.3,0.15
2960,1171,6,3,11.9,7.0,0
2961,1172,7,4,3.9,2.0,0
2962,1172,4,2,5.5,3.7,0.15
2963,1172,9,1,15.9,8.7,0
2964,1173,10,3,19.9,11.3,0
2965,1174,10,3,19.9,11.3,0
2966,1175,1,1,18.9,10.2,0.1
2967,1175,5,1,8.5,5.2,0.15
2968,1175,9,4,15.9,8.7,0.1
2969,1175,6,4,11.9,7.0,0.05
2970,1176,1,3,18.9,10.2,0
2971,1177,3,4,9.9,6.1,0
2972,1177,2,1,27.5,18.3,0.05
2973,1178,9,3,15.9,8.7,0
2974,1179,6,5,11.9,7.0,0
2975,1179,3,4,9.9,6.1,0.05
2976,1179,10,1,19.9,11.3,0
2977,1180,2,1,27.5,18.3,0
2978,1180,3,5,9.9,6.1,0
2979,1180,8,5,16.9,9.8,0.05
2980,1181,5,3,8.5,5.2,0.1
2981,1182,10,4,19.9,11.3,0
2982,1183,3,3,9.9,6.1,0.1
2983,1184,4,3,5.5,3.7,0.05
2984,1185,4,1,5.5,3.7,0.05
2985,1185,3,3,9.9,6.1,0
2986,1185,5,3,8.5,5.2,0
2987,1186,5,2,8.5,5.2,0
2988,1186,4,3,5.5,3.7,0.15
2989,1187,10,5,19.9,11.3,0.05
2990,1187,6,2,11.9,7.0,0
2991,1187,9,5,15.9,8.7,0.05
2992,1188,6,5,11.9,7.0,0.1
2993,1188,5,3,8.5,5.2,0
2994,1188,4,5,5.5,3.7,0
2995,1188,3,3,9.9,6.1,0
2996,1189,9,2,15.9,8.7,0.05
2997,1190,10,3,19.9,11.3,0.15
2998,1190,7,1,3.9,2.0,0.15
2999,1190,1,3,18.9,10.2,0
3000,1191,2,3,27.5,18.3,0
3001,1191,3,4,9.9,6.1,0.1
3002,1191,6,2,11.9,7.0,0
3003,1192,7,3,3.9,2.0,0.1
3004,1192,8,3,16.9,9.8,0.05
3005,1192,4,4,5.5,3.7,0
3006,1192,3,1,9.9,6.1,0
3007,1193,10,2,19.9,11.3,0.1
3008,1193,7,2,3.9,2.0,0
3009,1193,1,5,18.9,10.2,0.15
3010,1194,3,1,9.9,6.1,0
3011,1194,6,3,11.9,7.0,0
3012,1195,1,3,18.9,10.2,0
3013,1195,3,1,9.9,6.1,0
3014,1195,4,2,5.5,3.7,0
3015,1195,2,4,27.5,18.3,0
3016,1196,1,3,18.9,10.2,0
3017,1196,8,4,16.9,9.8,0.1
3018,1196,3,4,9.9,6.1,0.15
3019,1197,4,3,5.5,3.7,0
3020,1197,2,4,27.5,18.3,0
3021,1197,7,3,3.9,2.0,0.15
3022,1197,9,4,15.9,8.7,0.1
3023,1198,10,2,19.9,11.3,0
3024,1198,1,3,18.9,10.2,0
3025,1198,4,3,5.5,3.7,0.1
3026,1198,5,1,8.5,5.2,0.1
3027,1199,3,2,9.9,6.1,0
3028,1199,8,2,16.9,9.8,0
3029,1200,7,3,3.9,2.0,0
3030,1200,3,4,9.9,6.1,0.15
