pedido_id,data_pedido,loja_id,canal
1,2025-11-24,1,Loja
2,2025-01-17,1,Loja
3,2025-04-23,2,Loja
4,2025-05-23,1,Loja
5,2025-08-24,3,Loja
6,2025-02-10,1,Online
7,2025-11-22,1,Loja
8,2025-12-17,2,Online
9,2025-07-25,2,Loja
10,2025-10-15,3,Loja
11,2025-03-23,3,Loja
12,2025-08-28,3,Loja
13,2025-11-25,2,Loja
14,2025-09-17,3,Loja
15,2025-06-07,1,Loja
16,2025-09-30,1,Loja
17,2025-12-10,3,Loja
18,2025-02-06,3,Loja
19,2025-05-23,3,Loja
20,2025-02-18,1,Loja
21,2025-06-23,1,Loja
22,2025-08-25,1,Online
23,2025-01-26,3,Online
24,2025-07-28,2,Loja
25,2025-09-07,1,Loja
26,2025-01-26,3,Loja
27,2025-02-04,3,Online
28,2025-12-09,3,Loja
29,2025-10-16,1,Loja
30,2025-07-09,2,Loja
31,2025-02-24,3,Loja
32,2025-01-27,1,Loja
33,2025-12-28,2,Loja
34,2025-01-19,2,Loja
35,2025-07-03,1,Loja
36,2025-11-14,3,Loja
37,2025-06-20,2,Online
38,2025-04-24,1,Online
39,2025-06-29,3,Loja
40,2025-08-11,2,Loja
41,2025-08-12,1,Loja
42,2025-06-10,3,Online
43,2025-08-04,3,Online
44,2025-05-27,1,Loja
45,2025-02-13,2,Loja
46,2025-09-01,3,Online
47,2025-10-22,1,Loja
48,2025-01-26,3,Loja
49,2025-12-08,3,Online
50,2025-05-13,1,Online
51,2025-05-20,2,Loja
52,2025-07-16,3,Loja
53,2025-08-01,1,Loja
54,2025-04-23,2,Loja
55,2025-07-21,3,Loja
56,2025-08-25,1,Loja
57,2025-10-04,1,Online
58,2025-05-03,1,Loja
59,2025-12-25,2,Online
60,2025-01-14,2,Loja
61,2025-06-27,3,Loja
62,2025-11-22,2,Loja
63,2025-02-14,2,Online
64,2025-04-04,2,Loja
65,2025-07-28,2,Loja
66,2025-04-24,2,Loja
67,2025-06-30,3,Loja
68,2025-04-05,1,Loja
69,2025-10-01,1,Loja
70,2025-03-06,3,Online
71,2025-02-03,2,Loja
72,2025-06-05,1,Online
73,2025-11-02,3,Loja
74,2025-02-20,1,Loja
75,2025-08-19,3,Loja
76,2025-11-17,3,Loja
77,2025-03-14,1,Loja
78,2025-09-14,3,Loja
79,2025-06-15,3,Loja
80,2025-01-11,3,Online
81,2025-11-30,2,Online
82,2025-07-29,2,Loja
83,2025-12-22,2,Loja
84,2025-10-05,2,Loja
85,2025-04-15,2,Loja
86,2025-10-10,1,Loja
87,2025-03-02,3,Online
88,2025-11-03,3,Loja
89,2025-01-02,2,Loja
90,2025-05-03,3,Loja
91,2025-06-19,1,Online
92,2025-12-21,2,Loja
93,2025-11-20,3,Online
94,2025-03-27,3,Loja
95,2025-05-31,2,Loja
96,2025-03-31,1,Loja
97,2025-01-05,2,Online
98,2025-08-06,3,Loja
99,2025-06-01,3,Loja
100,2025-05-09,3,Online
101,2025-07-06,3,Loja
102,2025-05-20,1,Loja
103,2025-07-22,1,Loja
104,2025-12-11,2,Loja
105,2025-11-28,1,Loja
106,2025-03-11,2,Loja
107,2025-08-16,2,Online
108,2025-02-16,3,Loja
109,2025-03-06,3,Loja
110,2025-01-02,2,Online
111,2025-01-14,1,Loja
112,2025-03-06,3,Loja
113,2025-07-05,3,Loja
114,2025-08-07,3,Loja
115,2025-12-31,2,Loja
116,2025-04-21,2,Loja
117,2025-02-18,2,Loja
118,2025-07-10,1,Loja
119,2025-06-30,1,Loja
120,2025-07-08,1,Online
121,2025-11-08,3,Online
122,2025-10-17,3,Loja
123,2025-08-21,2,Loja
124,2025-08-15,3,Loja
125,2025-09-27,3,Loja
126,2025-03-12,2,Loja
127,2025-08-09,1,Loja
128,2025-01-22,2,Loja
129,2025-10-21,2,Loja
130,2025-05-05,2,Loja
131,2025-06-23,1,Loja
132,2025-06-28,2,Loja
133,2025-11-05,1,Online
134,2025-10-16,3,Loja
135,2025-10-30,1,Loja
136,2025-01-20,1,Loja
137,2025-10-20,3,Loja
138,2025-08-13,2,Loja
139,2025-12-14,3,Loja
140,2025-12-03,3,Online
141,2025-02-13,2,Loja
142,2025-04-03,1,Loja
143,2025-12-05,2,Online
144,2025-11-16,1,Loja
145,2025-05-02,2,Loja
146,2025-07-15,3,Loja
147,2025-10-11,1,Loja
148,2025-05-20,2,Online
149,2025-08-01,1,Loja
150,2025-11-29,2,Online
151,2025-08-29,2,Loja
152,2025-03-18,3,Online
153,2025-09-13,3,Loja
154,2025-05-04,3,Loja
155,2025-09-27,3,Loja
156,2025-11-22,2,Online
157,2025-01-23,2,Loja
158,2025-08-23,1,Loja
159,2025-06-08,3,Loja
160,2025-08-14,2,Loja
161,2025-08-06,1,Loja
162,2025-12-05,2,Loja
163,2025-12-10,3,Loja
164,2025-03-06,1,Loja
165,2025-02-09,3,Loja
166,2025-09-23,2,Online
167,2025-08-17,1,Online
168,2025-12-16,2,Loja
169,2025-06-03,1,Loja
170,2025-05-02,2,Loja
171,2025-09-03,3,Loja
172,2025-11-24,3,Loja
173,2025-06-05,1,Loja
174,2025-11-22,3,Loja
175,2025-03-29,3,Loja
176,2025-08-02,3,Loja
177,2025-08-14,2,Loja
178,2025-06-26,2,Loja
179,2025-05-07,1,Loja
180,2025-03-23,2,Online
181,2025-01-25,1,Loja
182,2025-07-25,1,Loja
183,2025-08-19,3,Loja
184,2025-07-11,2,Loja
185,2025-06-20,2,Loja
186,2025-03-25,2,Online
187,2025-12-11,1,Online
188,2025-09-03,1,Loja
189,2025-12-20,1,Loja
190,2025-09-30,2,Loja
191,2025-05-28,3,Loja
192,2025-03-16,2,Loja
193,2025-05-12,3,Loja
194,2025-02-25,3,Loja
195,2025-02-21,2,Loja
196,2025-11-27,1,Online
197,2025-01-20,1,Loja
198,2025-01-05,2,Loja
199,2025-11-25,3,Loja
200,2025-03-25,3,Loja
201,2025-07-27,2,Loja
202,2025-03-13,2,Loja
203,2025-06-18,2,Loja
204,2025-05-01,1,Loja
205,2025-11-11,1,Loja
206,2025-08-01,3,Loja
207,2025-10-16,1,Loja
208,2025-08-15,1,Loja
209,2025-10-14,2,Loja
210,2025-08-05,2,Loja
211,2025-05-27,2,Loja
212,2025-02-11,3,Online
213,2025-03-07,3,Online
214,2025-12-11,3,Loja
215,2025-01-09,1,Loja
216,2025-11-03,3,Loja
217,2025-08-13,1,Loja
218,2025-04-30,3,Loja
219,2025-10-13,3,Online
220,2025-12-10,2,Online
221,2025-04-26,2,Online
222,2025-09-29,1,Loja
223,2025-05-18,2,Loja
224,2025-12-10,3,Loja
225,2025-03-02,3,Online
226,2025-05-14,2,Loja
227,2025-03-16,1,Loja
228,2025-09-08,3,Loja
229,2025-01-18,1,Online
230,2025-11-19,1,Loja
231,2025-11-13,3,Loja
232,2025-05-27,1,Loja
233,2025-07-23,1,Loja
234,2025-09-01,1,Loja
235,2025-02-18,3,Online
236,2025-05-24,3,Loja
237,2025-04-17,3,Loja
238,2025-03-13,3,Loja
239,2025-07-23,2,Loja
240,2025-10-27,3,Loja
241,2025-07-19,2,Loja
242,2025-07-04,2,Loja
243,2025-10-13,3,Loja
244,2025-10-11,1,Loja
245,2025-10-20,3,Loja
246,2025-06-03,2,Online
247,2025-06-05,1,Online
248,2025-06-03,2,Loja
249,2025-12-22,3,Loja
250,2025-10-16,1,Loja
251,2025-05-30,3,Loja
252,2025-11-03,2,Loja
253,2025-11-28,3,Loja
254,2025-10-22,1,Loja
255,2025-03-14,2,Loja
256,2025-01-23,3,Loja
257,2025-08-07,2,Loja
258,2025-01-03,3,Loja
259,2025-12-10,2,Loja
260,2025-03-30,3,Loja
261,2025-07-11,3,Loja
262,2025-05-28,1,Loja
263,2025-12-17,2,Loja
264,2025-03-28,2,Loja
265,2025-04-22,2,Loja
266,2025-08-13,1,Online
267,2025-11-12,1,Online
268,2025-03-28,2,Online
269,2025-03-09,1,Loja
270,2025-08-20,1,Loja
271,2025-05-23,3,Online
272,2025-12-07,3,Loja
273,2025-08-08,1,Loja
274,2025-02-20,3,Online
275,2025-05-21,1,Loja
276,2025-12-02,1,Loja
277,2025-03-09,3,Loja
278,2025-02-22,1,Loja
279,2025-11-29,1,Loja
280,2025-02-14,1,Loja
281,2025-08-08,2,Online
282,2025-11-08,2,Online
283,2025-11-07,3,Loja
284,2025-07-04,2,Loja
285,2025-01-21,1,Online
286,2025-06-08,1,Loja
287,2025-11-29,3,Loja
288,2025-11-08,1,Loja
289,2025-09-12,2,Loja
290,2025-05-20,3,Loja
291,2025-07-04,1,Loja
292,2025-03-01,1,Loja
293,2025-01-24,2,Loja
294,2025-06-14,1,Loja
295,2025-01-24,2,Loja
296,2025-11-15,1,Loja
297,2025-01-01,3,Loja
298,2025-01-23,1,Online
299,2025-02-01,2,Loja
300,2025-06-17,2,Loja
301,2025-02-24,1,Loja
302,2025-02-16,1,Online
303,2025-07-22,3,Loja
304,2025-02-18,2,Loja
305,2025-07-25,2,Loja
306,2025-02-08,1,Online
307,2025-08-25,1,Loja
308,2025-03-18,1,Loja
309,2025-02-14,2,Loja
310,2025-06-26,3,Loja
311,2025-10-27,1,Online
312,2025-10-01,3,Loja
313,2025-10-31,2,Online
314,2025-10-05,2,Loja
315,2025-11-05,1,Loja
316,2025-12-27,1,Online
317,2025-03-22,3,Online
318,2025-01-01,3,Online
319,2025-06-19,3,Loja
320,2025-12-21,1,Loja
321,2025-08-13,3,Loja
322,2025-02-21,2,Online
323,2025-06-13,2,Online
324,2025-03-24,3,Loja
325,2025-09-05,3,Loja
326,2025-04-16,1,Loja
327,2025-03-20,1,Loja
328,2025-06-07,2,Loja
329,2025-01-23,2,Loja
330,2025-07-31,3,Loja
331,2025-10-02,3,Online
332,2025-11-14,1,Loja
333,2025-11-18,1,Online
334,2025-09-24,2,Online
335,2025-08-03,1,Loja
336,2025-10-02,2,Online
337,2025-11-08,3,Loja
338,2025-05-02,1,Loja
339,2025-03-10,2,Online
340,2025-07-11,1,Loja
341,2025-10-19,1,Loja
342,2025-12-27,1,Loja
343,2025-10-28,3,Loja
344,2025-03-25,3,Online
345,2025-01-11,3,Loja
346,2025-12-31,3,Loja
347,2025-02-22,1,Loja
348,2025-06-16,2,Loja
349,2025-03-13,3,Loja
350,2025-04-24,3,Loja
351,2025-05-13,3,Online
352,2025-06-07,2,Online
353,2025-11-14,1,Loja
354,2025-01-28,1,Loja
355,2025-04-03,1,Loja
356,2025-03-28,3,Online
357,2025-04-13,3,Loja
358,2025-01-10,3,Loja
359,2025-09-15,3,Loja
360,2025-08-22,3,Loja
361,2025-04-27,1,Loja
362,2025-07-07,3,Loja
363,2025-11-16,1,Loja
364,2025-12-20,1,Loja
365,2025-09-24,2,Loja
366,2025-05-25,1,Online
367,2025-10-08,2,Online
368,2025-02-08,3,Loja
369,2025-05-29,2,Online
370,2025-07-03,2,Online
371,2025-07-17,3,Online
372,2025-08-13,1,Loja
373,2025-02-02,2,Loja
374,2025-10-17,1,Online
375,2025-12-13,3,Loja
376,2025-08-29,2,Online
377,2025-06-19,2,Loja
378,2025-08-16,3,Loja
379,2025-02-16,3,Online
380,2025-06-19,3,Online
381,2025-12-26,1,Loja
382,2025-04-11,1,Loja
383,2025-12-04,3,Online
384,2025-08-10,3,Loja
385,2025-11-04,3,Online
386,2025-09-20,2,Online
387,2025-03-09,3,Loja
388,2025-10-15,2,Loja
389,2025-01-29,1,Loja
390,2025-10-05,1,Loja
391,2025-07-18,2,Online
392,2025-12-27,3,Loja
393,2025-03-30,3,Loja
394,2025-12-30,1,Loja
395,2025-06-12,3,Loja
396,2025-10-02,2,Loja
397,2025-11-13,3,Loja
398,2025-05-04,3,Loja
399,2025-10-04,3,Loja
400,2025-09-21,1,Online
401,2025-12-10,3,Online
402,2025-02-14,1,Loja
403,2025-06-11,1,Loja
404,2025-11-13,1,Online
405,2025-02-24,2,Online
406,2025-03-22,3,Loja
407,2025-10-21,3,Loja
408,2025-06-26,1,Loja
409,2025-02-28,1,Loja
410,2025-10-09,1,Loja
411,2025-10-25,2,Online
412,2025-08-19,2,Loja
413,2025-04-24,3,Loja
414,2025-02-25,1,Loja
415,2025-04-11,2,Loja
416,2025-11-20,1,Online
417,2025-10-29,3,Online
418,2025-09-15,1,Loja
419,2025-10-17,3,Online
420,2025-02-02,2,Loja
421,2025-07-18,2,Online
422,2025-12-27,3,Loja
423,2025-02-09,3,Loja
424,2025-11-06,1,Loja
425,2025-05-24,1,Loja
426,2025-02-28,2,Loja
427,2025-09-20,1,Online
428,2025-11-03,3,Loja
429,2025-11-04,1,Online
430,2025-11-02,3,Loja
431,2025-04-01,2,Online
432,2025-02-17,2,Loja
433,2025-07-09,1,Loja
434,2025-04-30,1,Loja
435,2025-04-16,3,Online
436,2025-05-22,3,Loja
437,2025-10-14,3,Loja
438,2025-12-25,1,Loja
439,2025-02-15,1,Loja
440,2025-03-31,3,Loja
441,2025-04-10,1,Online
442,2025-01-01,1,Loja
443,2025-12-27,1,Online
444,2025-10-22,1,Loja
445,2025-12-22,2,Online
446,2025-11-21,1,Loja
447,2025-12-25,2,Loja
448,2025-10-11,1,Loja
449,2025-04-16,1,Loja
450,2025-12-13,3,Loja
451,2025-07-10,3,Loja
452,2025-08-05,2,Online
453,2025-12-18,1,Loja
454,2025-12-19,1,Loja
455,2025-04-06,3,Loja
456,2025-07-10,2,Online
457,2025-10-12,2,Online
458,2025-09-13,1,Online
459,2025-03-25,1,Loja
460,2025-05-12,2,Loja
461,2025-10-23,3,Loja
462,2025-08-17,1,Loja
463,2025-02-10,1,Loja
464,2025-10-28,3,Online
465,2025-02-22,1,Loja
466,2025-12-02,2,Loja
467,2025-01-15,1,Loja
468,2025-10-30,3,Loja
469,2025-05-14,1,Loja
470,2025-05-27,2,Loja
471,2025-07-30,3,Loja
472,2025-08-05,3,Loja
473,2025-02-26,3,Loja
474,2025-05-18,1,Loja
475,2025-01-08,2,Loja
476,2025-10-06,2,Loja
477,2025-08-24,3,Online
478,2025-01-22,3,Online
479,2025-06-02,1,Loja
480,2025-11-21,2,Loja
481,2025-10-25,3,Loja
482,2025-12-18,3,Loja
483,2025-03-20,3,Loja
484,2025-06-12,3,Online
485,2025-12-28,2,Loja
486,2025-08-19,2,Online
487,2025-06-14,3,Loja
488,2025-02-19,3,Loja
489,2025-04-14,1,Loja
490,2025-07-18,3,Loja
491,2025-09-09,1,Loja
492,2025-08-01,2,Online
493,2025-01-21,3,Loja
494,2025-04-09,3,Loja
495,2025-10-23,2,Loja
496,2025-06-30,2,Loja
497,2025-07-12,3,Online
498,2025-09-23,1,Online
499,2025-09-19,3,Loja
500,2025-05-16,2,Online
501,2025-10-19,1,Loja
502,2025-10-23,2,Loja
503,2025-08-02,1,Online
504,2025-01-22,2,Loja
505,2025-07-21,2,Online
506,2025-07-21,1,Loja
507,2025-01-26,3,Loja
508,2025-12-24,1,Online
509,2025-05-17,2,Loja
510,2025-07-07,2,Loja
511,2025-08-14,1,Online
512,2025-01-28,1,Online
513,2025-08-19,2,Loja
514,2025-10-08,2,Loja
515,2025-05-11,1,Loja
516,2025-07-18,3,Loja
517,2025-09-06,3,Loja
518,2025-05-07,3,Loja
519,2025-05-12,2,Online
520,2025-03-19,2,Online
521,2025-12-18,1,Loja
522,2025-03-09,1,Loja
523,2025-12-02,3,Online
524,2025-07-31,2,Loja
525,2025-11-07,3,Loja
526,2025-09-15,3,Loja
527,2025-07-29,1,Online
528,2025-07-27,1,Loja
529,2025-01-21,3,Loja
530,2025-07-23,2,Online
531,2025-08-26,3,Loja
532,2025-10-07,1,Loja
533,2025-06-15,3,Loja
534,2025-07-05,1,Loja
535,2025-03-16,1,Online
536,2025-08-17,2,Loja
537,2025-11-15,2,Loja
538,2025-02-10,3,Loja
539,2025-01-26,1,Loja
540,2025-02-25,2,Online
541,2025-01-19,1,Online
542,2025-03-04,3,Online
543,2025-11-19,3,Online
544,2025-10-16,2,Loja
545,2025-04-17,3,Online
546,2025-06-03,3,Loja
547,2025-07-22,3,Loja
548,2025-06-23,3,Loja
549,2025-06-03,3,Loja
550,2025-05-24,1,Loja
551,2025-07-31,1,Loja
552,2025-03-31,1,Loja
553,2025-09-17,1,Online
554,2025-06-17,1,Online
555,2025-01-19,2,Loja
556,2025-12-18,3,Online
557,2025-11-24,1,Loja
558,2025-03-02,2,Loja
559,2025-03-14,3,Online
560,2025-08-16,1,Loja
561,2025-07-02,2,Loja
562,2025-12-24,2,Loja
563,2025-04-04,3,Online
564,2025-08-25,1,Loja
565,2025-02-06,2,Loja
566,2025-12-22,3,Loja
567,2025-06-16,3,Loja
568,2025-04-22,1,Online
569,2025-09-30,2,Loja
570,2025-11-10,3,Loja
571,2025-12-27,3,Online
572,2025-07-15,2,Loja
573,2025-07-04,2,Loja
574,2025-09-07,3,Loja
575,2025-11-16,1,Loja
576,2025-05-02,3,Loja
577,2025-09-27,2,Loja
578,2025-05-06,2,Loja
579,2025-11-10,1,Online
580,2025-08-29,3,Loja
581,2025-02-01,3,Loja
582,2025-05-27,2,Loja
583,2025-11-12,2,Loja
584,2025-03-31,2,Online
585,2025-03-16,3,Online
586,2025-11-23,1,Loja
587,2025-09-01,3,Online
588,2025-08-11,1,Loja
589,2025-05-19,2,Online
590,2025-12-13,3,Online
591,2025-12-17,2,Loja
592,2025-04-22,3,Loja
593,2025-07-12,3,Online
594,2025-02-08,3,Loja
595,2025-06-20,1,Loja
596,2025-09-09,1,Loja
597,2025-01-10,2,Loja
598,2025-03-19,3,Loja
599,2025-09-04,1,Loja
600,2025-02-11,2,Online
601,2025-11-19,3,Loja
602,2025-01-19,1,Loja
603,2025-10-01,2,Online
604,2025-06-22,3,Loja
605,2025-12-14,3,Loja
606,2025-11-13,1,Loja
607,2025-11-09,1,Online
608,2025-11-01,3,Loja
609,2025-10-22,3,Loja
610,2025-03-14,2,Loja
611,2025-11-10,2,Online
612,2025-01-04,1,Online
613,2025-05-03,1,Loja
614,2025-09-13,3,Online
615,2025-11-13,2,Online
616,2025-03-18,3,Online
617,2025-11-12,2,Loja
618,2025-01-15,2,Loja
619,2025-10-24,2,Loja
620,2025-07-12,1,Loja
621,2025-04-10,3,Loja
622,2025-02-26,2,Loja
623,2025-11-10,1,Loja
624,2025-08-31,2,Loja
625,2025-01-21,2,Loja
626,2025-09-03,3,Online
627,2025-11-28,1,Loja
628,2025-07-09,3,Loja
629,2025-06-20,3,Loja
630,2025-02-26,2,Loja
631,2025-11-28,3,Loja
632,2025-09-02,3,Online
633,2025-08-05,2,Loja
634,2025-09-30,2,Loja
635,2025-02-25,1,Loja
636,2025-08-02,3,Loja
637,2025-04-07,1,Loja
638,2025-11-27,2,Loja
639,2025-03-17,2,Loja
640,2025-12-29,3,Online
641,2025-03-06,2,Loja
642,2025-03-17,2,Loja
643,2025-03-16,2,Online
644,2025-05-29,3,Loja
645,2025-04-23,2,Loja
646,2025-12-13,3,Online
647,2025-08-07,2,Loja
648,2025-06-07,2,Online
649,2025-08-01,2,Loja
650,2025-02-15,1,Loja
651,2025-10-11,2,Loja
652,2025-03-20,2,Loja
653,2025-11-03,3,Loja
654,2025-05-13,1,Loja
655,2025-05-20,2,Loja
656,2025-04-04,1,Loja
657,2025-12-17,3,Loja
658,2025-03-15,1,Loja
659,2025-04-24,1,Online
660,2025-03-01,1,Online
661,2025-03-02,1,Loja
662,2025-08-06,3,Online
663,2025-08-09,1,Loja
664,2025-08-29,1,Online
665,2025-01-06,1,Online
666,2025-02-16,1,Online
667,2025-02-04,1,Online
668,2025-04-09,2,Loja
669,2025-12-29,2,Loja
670,2025-04-20,3,Loja
671,2025-02-26,3,Loja
672,2025-08-22,3,Loja
673,2025-09-09,3,Loja
674,2025-06-23,1,Loja
675,2025-09-01,3,Loja
676,2025-03-10,1,Loja
677,2025-01-14,1,Loja
678,2025-05-31,3,Loja
679,2025-07-12,2,Loja
680,2025-06-05,3,Loja
681,2025-08-29,2,Loja
682,2025-07-13,3,Loja
683,2025-10-26,1,Online
684,2025-05-06,1,Loja
685,2025-06-16,1,Loja
686,2025-07-19,2,Loja
687,2025-04-14,2,Loja
688,2025-05-16,1,Loja
689,2025-06-27,1,Loja
690,2025-11-16,3,Loja
691,2025-12-05,3,Online
692,2025-03-19,3,Loja
693,2025-11-27,1,Loja
694,2025-05-06,2,Loja
695,2025-11-26,1,Online
696,2025-03-13,1,Loja
697,2025-05-09,2,Online
698,2025-07-19,3,Loja
699,2025-10-01,2,Loja
700,2025-09-01,3,Loja
701,2025-12-06,1,Loja
702,2025-03-04,3,Online
703,2025-06-12,3,Loja
704,2025-08-30,3,Loja
705,2025-10-08,3,Loja
706,2025-08-16,3,Loja
707,2025-12-18,2,Online
708,2025-02-13,2,Loja
709,2025-05-15,3,Online
710,2025-11-04,2,Loja
711,2025-04-25,3,Loja
712,2025-12-13,1,Loja
713,2025-01-06,2,Loja
714,2025-10-13,1,Loja
715,2025-01-24,1,Loja
716,2025-06-23,2,Loja
717,2025-05-24,3,Loja
718,2025-11-22,2,Loja
719,2025-03-25,3,Loja
720,2025-07-02,3,Loja
721,2025-10-16,3,Loja
722,2025-08-02,1,Loja
723,2025-02-11,2,Online
724,2025-04-19,1,Online
725,2025-04-02,1,Online
726,2025-08-10,3,Online
727,2025-07-18,2,Loja
728,2025-12-13,1,Loja
729,2025-08-12,1,Online
730,2025-02-09,1,Loja
731,2025-02-28,3,Loja
732,2025-06-02,2,Loja
733,2025-10-01,1,Loja
734,2025-09-02,2,Loja
735,2025-12-23,1,Online
736,2025-02-14,2,Online
737,2025-12-26,2,Online
738,2025-08-10,2,Online
739,2025-09-07,1,Loja
740,2025-10-11,1,Loja
741,2025-06-26,2,Loja
742,2025-05-31,3,Loja
743,2025-03-22,3,Loja
744,2025-09-15,1,Online
745,2025-07-01,1,Online
746,2025-11-09,1,Online
747,2025-11-19,1,Online
748,2025-03-12,1,Online
749,2025-08-01,2,Loja
750,2025-07-31,2,Online
751,2025-06-11,2,Online
752,2025-01-30,3,Online
753,2025-03-17,3,Loja
754,2025-06-04,1,Loja
755,2025-06-24,3,Loja
756,2025-05-04,2,Loja
757,2025-11-18,3,Loja
758,2025-10-21,3,Loja
759,2025-03-13,3,Loja
760,2025-08-21,1,Loja
761,2025-09-27,2,Loja
762,2025-12-31,2,Loja
763,2025-01-17,3,Loja
764,2025-03-20,1,Loja
765,2025-06-06,2,Loja
766,2025-07-13,2,Online
767,2025-06-16,1,Online
768,2025-12-29,1,Loja
769,2025-09-25,1,Online
770,2025-01-10,2,Online
771,2025-07-25,3,Loja
772,2025-08-01,1,Online
773,2025-04-04,2,Online
774,2025-04-03,1,Loja
775,2025-01-27,1,Loja
776,2025-02-01,2,Loja
777,2025-10-12,3,Online
778,2025-10-04,1,Online
779,2025-05-20,3,Loja
780,2025-12-24,1,Online
781,2025-05-06,3,Online
782,2025-09-01,1,Online
783,2025-11-29,3,Loja
784,2025-07-12,3,Loja
785,2025-01-05,1,Loja
786,2025-09-10,2,Loja
787,2025-04-10,3,Loja
788,2025-04-27,3,Loja
789,2025-08-10,2,Loja
790,2025-07-20,1,Loja
791,2025-05-08,1,Loja
792,2025-05-07,1,Loja
793,2025-08-17,3,Loja
794,2025-12-22,1,Online
795,2025-11-09,3,Loja
796,2025-05-31,2,Loja
797,2025-09-22,2,Loja
798,2025-02-04,3,Online
799,2025-09-04,3,Loja
800,2025-10-27,2,Loja
801,2025-07-08,1,Loja
802,2025-06-26,1,Online
803,2025-12-21,2,Loja
804,2025-09-11,1,Online
805,2025-06-19,3,Loja
806,2025-04-10,3,Loja
807,2025-03-31,2,Online
808,2025-01-11,3,Loja
809,2025-08-22,1,Loja
810,2025-09-30,2,Loja
811,2025-03-18,2,Loja
812,2025-03-27,3,Loja
813,2025-09-11,2,Loja
814,2025-10-20,1,Online
815,2025-04-28,3,Loja
816,2025-07-15,1,Loja
817,2025-09-20,3,Loja
818,2025-04-11,3,Loja
819,2025-07-26,2,Online
820,2025-07-23,1,Loja
821,2025-08-25,2,Online
822,2025-03-13,3,Online
823,2025-10-03,2,Loja
824,2025-03-20,2,Loja
825,2025-11-24,2,Loja
826,2025-12-19,3,Loja
827,2025-05-30,3,Loja
828,2025-09-02,3,Loja
829,2025-11-06,3,Online
830,2025-08-17,1,Online
831,2025-10-22,1,Loja
832,2025-11-13,3,Loja
833,2025-04-22,2,Loja
834,2025-09-16,2,Loja
835,2025-02-07,3,Loja
836,2025-12-10,3,Loja
837,2025-02-21,1,Loja
838,2025-09-30,1,Loja
839,2025-12-20,2,Loja
840,2025-05-08,2,Online
841,2025-04-09,3,Loja
842,2025-02-25,2,Loja
843,2025-04-29,1,Loja
844,2025-02-03,3,Online
845,2025-10-02,3,Loja
846,2025-12-23,2,Loja
847,2025-06-21,1,Loja
848,2025-05-02,3,Loja
849,2025-06-01,1,Loja
850,2025-05-23,2,Loja
851,2025-05-28,1,Loja
852,2025-07-15,3,Loja
853,2025-10-09,1,Loja
854,2025-03-26,3,Loja
855,2025-07-13,1,Loja
856,2025-03-20,3,Loja
857,2025-02-06,2,Loja
858,2025-07-11,2,Loja
859,2025-07-17,3,Loja
860,2025-09-02,1,Online
861,2025-10-24,3,Online
862,2025-12-31,2,Loja
863,2025-03-26,2,Loja
864,2025-11-22,3,Online
865,2025-01-01,1,Loja
866,2025-09-07,1,Loja
867,2025-04-06,1,Loja
868,2025-11-22,1,Loja
869,2025-02-02,2,Loja
870,2025-01-04,3,Loja
871,2025-01-04,2,Loja
872,2025-05-03,2,Loja
873,2025-11-05,1,Online
874,2025-04-07,1,Online
875,2025-07-24,3,Loja
876,2025-12-04,3,Online
877,2025-12-11,3,Online
878,2025-08-11,3,Loja
879,2025-03-11,3,Loja
880,2025-04-30,1,Loja
881,2025-07-08,1,Online
882,2025-03-06,3,Loja
883,2025-03-16,2,Online
884,2025-12-28,3,Loja
885,2025-04-18,3,Online
886,2025-12-04,1,Online
887,2025-10-08,2,Loja
888,2025-12-23,2,Loja
889,2025-10-22,1,Loja
890,2025-08-31,1,Online
891,2025-08-11,1,Loja
892,2025-12-10,3,Loja
893,2025-01-12,3,Loja
894,2025-02-02,3,Online
895,2025-09-08,1,Loja
896,2025-11-03,3,Loja
897,2025-03-05,3,Loja
898,2025-05-31,3,Loja
899,2025-10-03,3,Loja
900,2025-04-07,1,Loja
901,2025-03-07,3,Loja
902,2025-07-15,3,Online
903,2025-12-23,3,Loja
904,2025-11-06,1,Loja
905,2025-10-08,2,Loja
906,2025-03-16,1,Loja
907,2025-02-23,1,Loja
908,2025-11-08,1,Online
909,2025-11-01,2,Loja
910,2025-03-06,1,Loja
911,2025-08-28,3,Loja
912,2025-05-03,1,Loja
913,2025-09-10,1,Online
914,2025-04-08,3,Loja
915,2025-09-26,1,Loja
916,2025-02-27,2,Online
917,2025-05-16,1,Loja
918,2025-06-02,2,Loja
919,2025-09-28,3,Online
920,2025-04-04,3,Online
921,2025-03-13,2,Loja
922,2025-04-08,2,Loja
923,2025-12-16,3,Loja
924,2025-05-02,1,Loja
925,2025-05-07,3,Loja
926,2025-08-08,1,Loja
927,2025-04-07,3,Loja
928,2025-04-09,1,Loja
929,2025-12-25,3,Online
930,2025-11-26,1,Loja
931,2025-01-01,1,Loja
932,2025-09-09,2,Loja
933,2025-10-10,1,Loja
934,2025-02-14,1,Loja
935,2025-04-08,1,Loja
936,2025-06-25,2,Loja
937,2025-10-09,3,Loja
938,2025-01-12,1,Loja
939,2025-07-23,2,Loja
940,2025-07-16,3,Online
941,2025-08-22,3,Loja
942,2025-10-01,1,Loja
943,2025-10-01,1,Loja
944,2025-11-10,2,Loja
945,2025-05-24,1,Loja
946,2025-12-19,2,Online
947,2025-11-19,2,Loja
948,2025-04-03,2,Loja
949,2025-06-08,1,Online
950,2025-01-07,3,Loja
951,2025-01-05,1,Loja
952,2025-09-03,1,Loja
953,2025-08-01,1,Loja
954,2025-12-02,2,Loja
955,2025-07-04,1,Online
956,2025-12-14,2,Loja
957,2025-12-31,1,Online
958,2025-09-02,1,Loja
959,2025-12-22,2,Loja
960,2025-09-30,3,Online
961,2025-08-31,1,Online
962,2025-05-31,2,Loja
963,2025-01-28,3,Loja
964,2025-01-16,1,Loja
965,2025-10-19,2,Loja
966,2025-07-30,3,Loja
967,2025-01-31,3,Loja
968,2025-08-21,3,Loja
969,2025-07-13,1,Loja
970,2025-06-10,3,Loja
971,2025-06-21,1,Loja
972,2025-06-08,1,Loja
973,2025-10-19,3,Loja
974,2025-07-20,3,Loja
975,2025-09-15,1,Loja
976,2025-12-15,3,Loja
977,2025-08-18,1,Loja
978,2025-03-20,3,Loja
979,2025-06-01,1,Loja
980,2025-08-15,3,Online
981,2025-07-06,2,Loja
982,2025-02-12,3,Loja
983,2025-03-23,3,Loja
984,2025-12-09,1,Loja
985,2025-02-03,2,Loja
986,2025-10-18,1,Online
987,2025-04-01,1,Loja
988,2025-01-28,1,Online
989,2025-08-12,2,Online
990,2025-03-17,2,Online
991,2025-01-02,2,Online
992,2025-12-23,3,Online
993,2025-03-05,3,Loja
994,2025-07-11,1,Loja
995,2025-05-26,3,Loja
996,2025-11-29,1,Loja
997,2025-08-21,3,Loja
998,2025-12-27,3,Loja
999,2025-05-04,1,Online
1000,2025-05-04,3,Online
1001,2025-11-22,2,Online
1002,2025-02-20,3,Online
1003,2025-05-14,3,Loja
1004,2025-01-15,3,Loja
1005,2025-03-08,2,Loja
1006,2025-12-04,1,Loja
1007,2025-02-24,1,Loja
1008,2025-02-21,2,Online
1009,2025-01-06,1,Loja
1010,2025-09-05,3,Loja
1011,2025-05-11,1,Loja
1012,2025-09-20,1,Loja
1013,2025-05-21,2,Loja
1014,2025-05-31,2,Loja
1015,2025-10-28,2,Loja
1016,2025-05-20,2,Loja
1017,2025-05-31,3,Online
1018,2025-02-07,1,Loja
1019,2025-08-27,3,Online
1020,2025-09-27,1,Loja
1021,2025-09-10,2,Loja
1022,2025-05-02,3,Loja
1023,2025-05-26,1,Online
1024,2025-06-12,2,Loja
1025,2025-11-13,1,Loja
1026,2025-06-15,3,Loja
1027,2025-01-03,3,Online
1028,2025-05-19,3,Loja
1029,2025-10-27,2,Loja
1030,2025-10-23,2,Loja
1031,2025-10-13,1,Loja
1032,2025-12-10,1,Loja
1033,2025-03-20,3,Loja
1034,2025-04-14,2,Loja
1035,2025-02-26,1,Loja
1036,2025-08-09,1,Loja
1037,2025-05-31,1,Loja
1038,2025-04-23,1,Loja
1039,2025-02-03,3,Loja
1040,2025-12-21,2,Loja
1041,2025-01-02,1,Loja
1042,2025-08-31,2,Loja
1043,2025-06-30,2,Loja
1044,2025-02-18,1,Loja
1045,2025-01-07,2,Loja
1046,2025-07-30,1,Loja
1047,2025-12-23,2,Loja
1048,2025-02-25,2,Online
1049,2025-01-22,3,Loja
1050,2025-09-13,3,Loja
1051,2025-09-07,2,Loja
1052,2025-06-06,1,Loja
1053,2025-06-29,2,Online
1054,2025-10-27,1,Loja
1055,2025-12-14,3,Loja
1056,2025-04-13,2,Loja
1057,2025-08-25,3,Loja
1058,2025-07-30,2,Loja
1059,2025-11-11,2,Online
1060,2025-09-23,2,Online
1061,2025-02-24,2,Loja
1062,2025-01-28,3,Loja
1063,2025-11-18,2,Loja
1064,2025-04-13,1,Loja
1065,2025-02-23,2,Loja
1066,2025-08-13,3,Loja
1067,2025-05-29,2,Loja
1068,2025-03-03,3,Loja
1069,2025-01-05,1,Loja
1070,2025-12-02,1,Loja
1071,2025-08-30,3,Loja
1072,2025-03-23,1,Loja
1073,2025-04-29,3,Online
1074,2025-02-02,1,Loja
1075,2025-07-11,3,Loja
1076,2025-12-24,2,Loja
1077,2025-04-14,3,Loja
1078,2025-01-03,2,Online
1079,2025-11-25,3,Loja
1080,2025-10-14,1,Online
1081,2025-01-27,3,Loja
1082,2025-07-19,3,Loja
1083,2025-11-09,3,Loja
1084,2025-08-30,2,Loja
1085,2025-04-13,2,Online
1086,2025-06-18,3,Online
1087,2025-10-16,3,Loja
1088,2025-11-03,3,Loja
1089,2025-05-19,3,Loja
1090,2025-11-29,2,Loja
1091,2025-12-17,3,Loja
1092,2025-11-12,2,Loja
1093,2025-10-02,3,Loja
1094,2025-01-30,1,Loja
1095,2025-07-23,2,Loja
1096,2025-04-16,2,Loja
1097,2025-05-17,2,Loja
1098,2025-12-28,3,Loja
1099,2025-04-29,2,Loja
1100,2025-08-14,3,Online
1101,2025-05-19,2,Loja
1102,2025-08-16,1,Loja
1103,2025-10-30,1,Online
1104,2025-08-26,2,Loja
1105,2025-05-08,3,Loja
1106,2025-06-14,2,Online
1107,2025-10-24,1,Loja
1108,2025-11-19,1,Loja
1109,2025-01-20,1,Loja
1110,2025-01-23,3,Loja
1111,2025-02-27,3,Loja
1112,2025-03-15,1,Loja
1113,2025-01-23,2,Online
1114,2025-06-10,3,Loja
1115,2025-09-15,3,Loja
1116,2025-10-22,2,Online
1117,2025-07-29,2,Loja
1118,2025-04-28,2,Online
1119,2025-10-27,3,Loja
1120,2025-10-22,2,Loja
1121,2025-05-15,3,Loja
1122,2025-08-05,2,Loja
1123,2025-11-12,1,Online
1124,2025-07-29,3,Loja
1125,2025-10-31,2,Loja
1126,2025-06-24,1,Loja
1127,2025-10-22,3,Loja
1128,2025-05-28,2,Online
1129,2025-02-19,1,Loja
1130,2025-09-08,1,Loja
1131,2025-12-28,1,Loja
1132,2025-02-08,2,Loja
1133,2025-04-08,3,Loja
1134,2025-10-28,2,Online
1135,2025-09-12,2,Loja
1136,2025-08-11,1,Loja
1137,2025-07-14,3,Loja
1138,2025-11-19,2,Loja
1139,2025-04-01,2,Online
1140,2025-03-07,2,Online
1141,2025-05-14,3,Loja
1142,2025-08-18,2,Loja
1143,2025-03-08,3,Loja
1144,2025-06-20,2,Online
1145,2025-07-05,3,Loja
1146,2025-06-19,2,Loja
1147,2025-07-23,2,Loja
1148,2025-12-02,2,Loja
1149,2025-10-05,3,Online
1150,2025-11-07,2,Online
1151,2025-08-08,1,Loja
1152,2025-10-07,3,Loja
1153,2025-09-02,3,Loja
1154,2025-05-08,1,Loja
1155,2025-12-19,3,Loja
1156,2025-09-08,3,Loja
1157,2025-02-11,1,Loja
1158,2025-03-24,3,Loja
1159,2025-03-29,3,Online
1160,2025-06-15,3,Online
1161,2025-07-10,3,Loja
1162,2025-04-02,1,Loja
1163,2025-12-22,1,Loja
1164,2025-06-26,3,Loja
1165,2025-11-16,2,Online
1166,2025-04-02,2,Loja
1167,2025-05-22,3,Online
1168,2025-01-01,2,Loja
1169,2025-08-06,3,Loja
1170,2025-06-09,3,Loja
1171,2025-11-21,2,Loja
1172,2025-01-13,2,Online
1173,2025-08-15,2,Loja
1174,2025-02-18,2,Online
1175,2025-11-28,2,Loja
1176,2025-03-30,2,Loja
1177,2025-11-10,3,Loja
1178,2025-11-23,3,Loja
1179,2025-12-02,3,Loja
1180,2025-04-09,3,Loja
1181,2025-03-30,3,Loja
1182,2025-06-29,1,Loja
1183,2025-03-01,1,Loja
1184,2025-11-17,1,Online
1185,2025-02-11,3,Online
1186,2025-10-17,2,Loja
1187,2025-08-14,2,Loja
1188,2025-03-21,3,Loja
1189,2025-08-28,2,Loja
1190,2025-03-13,2,Loja
1191,2025-03-23,2,Loja
1192,2025-08-13,3,Loja
1193,2025-09-17,1,Loja
1194,2025-09-26,1,Online
1195,2025-06-27,2,Loja
1196,2025-05-06,1,Loja
1197,2025-04-19,2,Loja
1198,2025-07-21,3,Loja
1199,2025-11-03,2,Online
1200,2025-08-11,1,Loja
